번호,사용자,사용일시,사용장소,집행목적,대상인원,사용금액,결제방법,비목,비고
1,용인시장,2022-07-01 15:28,꽃예술원,제9대 용인시의회 신임의장 축하화분 구입,1,50000,카드,,
2,용인시장,2022-07-01 20:26,소금,실국소별 현안사항 보고 간담회（1차）,17,498000,카드,,
3,용인시장,2022-07-02 12:37,사담손만두용인점,휴일 행사 개최 수행 등 직원 노고 격려,9,102000,카드,,
4,용인시장,2022-07-04,,경조사비 지출,2,100000,현금,,
5,용인시장,2022-07-04 12:22,제주도,취임식 행사 준비 등 직원 노고 격려,9,187000,카드,,
6,용인시장,2022-07-05 12:45,동강,반도체 육성지원방안 마련 등 유관기관 관계자 간담회,18,252000,카드,,
7,용인시장,2022-07-05 20:29,자작나무갈비,실국소별 현안사항 보고 간담회（2차）,17,495000,카드,,
8,용인시장,2022-07-06 9:22,SSG.COM,내방객 접견 물품 구입,0,158500,카드,,
9,용인시장,2022-07-06 12:28,궁,코로나19 변이 확산 및 확진자 급증에 따른 긴급 간담회,18,435000,카드,,
10,용인시장,2022-07-07 12:26,돈까스잔치 마성점,민선8기 주요시정 홍보 부서 노고 격 려,35,493600,카드,,
11,용인시장,2022-07-08 1234,이향가든,민선8기 용인특례시장직 인수위원회 종합 보고회 오찬,45,686000,카드,,
12,용인시장,2022-07-08 20:41,이당비스트로 용인점,민원응대 및 수행 업무추진 직원 노고 격려,15,432000,카드,,
13,용인시장,2022-07-11 12:52,해원일식,시정운영 방향 공유 언론인과의 간담회,9,192000,카드,,
14,용인시장,2022-07-11 14:11,팔당냉면,시정운영 방향 공유 및 홍보를 위한 언론인과의 간담회,98,980000,카드,,
15,용인시장,2022-07-11 18:35,어웨이크키친,특례시 시정 종합기획 업무 논의 간담회,12,137500,카드,,
16,용인시장,2022-07-12 12:15,북해어장 왕코다리,의회 청사 리모델링 및 시청사 별관 증축 등 직원 노고 격려,19,248000,카드,,
17,용인시장,2022-07-13 12:37,삼가정,22년 경기도 체육대회 개회식 준비 등 부서 노고 격려,18,366000,카드,,
18,용인시장,2022-07-14 12:54,본수원갈비（용인점）,청사 시설물의 효율적 운영을 위한 관계자 업무협의,18,420000,카드,,
19,용인시장,2022-07-14 18:46,서산진국집,관내 중학교 설립 등 지역현안관련 관계자 업무협의,11,306000,카드,,
20,용인시장,2022-07-15 12:48,（주）한일관,반도체 AI 고등학교 설립관련 관계기관 업무협의,5,120000,카드,,
21,용인시장,2022-07-18 13:02,주식회사 독도게찜,시정운영 방향 공유 및 홍보를 위한 언론인과의 간담회,16,430000,카드,,
22,용인시장,2022-07-18 22:05,버드나무소머리국밥,민원응대 및 수행 업무추진 직원 노고 격려,7,68000,카드,,
23,용인시장,2022-07-19 11:09,SSG.COM,내방객 접견 물품 구입,0,148910,카드,,
24,용인시장,2022-07-19 12:06,봉평메밀막국수,지역균형 발전방향 등 는의 간담회,11,163500,카드,,
25,용인시장,2022-07-20 12:40,사담손만두용인점,용인경전철 관리 및 운영부서 노고 격려,14,207000,카드,,
26,용인시장,2022-07-21 11:36,날쌘카페 용인역북점,22년 일자리대상 시상식 참석 관련 도시락 구입,14,102000,카드,,
27,용인시장,2022-07-22 12:29,꽃피는화덕피자,여성친화도시 조성 관련 업무협의,17,472500,카드,,
28,용인시장,2022-07-25 12:03,삼양상회,지역경제 활성화 추진 간담회,17,120000,카드,,
29,용인시장,2022-07-26 12:10,속초코다리막국수,민원응대 및 수행 업무추진 직원 노고 격려,13,144000,카드,,
30,용인시장,2022-07-26 15:58,반올림 피자샵,22년 지자체 일자리 대상 우수상 수상부서 노고 격려,28,117500,카드,,
31,용인시장,2022-07-27 12:36,로승,시정방향 공유를 위한 시의회 의장단과의 오찬 간담회,24,490000,카드,,
32,용인시장,2022-07-29 20:59,자작나무갈비,시정방향 공유를 위한 9대 시의회 의원과의 간담회（1차）,28,840000,카드,,
1,용인시장,2022-08-02 12:57,가오리와방패연,민선8기 출범에 따른 시정방향 공유 등 도의원과의 오찬 간담회,23,690000,카드,,
2,용인시장,2022-08-02 19:42,자작나무갈비,시정운영 방향 공유 및 홍보를 위한 언론인과의 간담회,18,486000,카드,,
3,용인시장,2022-08-03 19:24,소금,양돈농가 방역관리 지도 등 대책 마련 관계자 회의,14,383000,카드,,
4,용인시장,2022-08-04 13:01,（주） 무릉도원,시정정책 방향 공유 및 소통을 위한 간담회,38,436000,카드,,
5,용인시장,2022-08-04 20:25,（주）신화푸드동백 궁,시정방향 공유를 위한 9대 시의회 의원과의 간담회（2차）,32,960000,카드,,
6,용인시장,2022-08-05 12:28,아자아자장어구이,소상공인 환경개선 지원방안 관련 관계자 간담회,8,186000,카드,,
7,용인시장,2022-08-05 20:45,태양부양꼬치,시정운영 방향 공유 및 홍보를 위한 언론인과의 간담회,6,135000,카드,,
8,용인시장,2022-08-08 12:44,소금,보육시설 방역관리 등 지원방안 마련 회의 식대,6,105000,카드,,
9,용인시장,2022-08-09 8:58,SSG.COM,내방객 접견 물품 구입,0,186670,카드,,
10,용인시장,2022-08-09 12:09,경일면욕,집중호우에 따른 재난피해 발생 현장 점검 후 관계직원 노고 격려,15,257500,카드,,
11,용인시장,2022-08-09 21:22,（주） 무릉도원,특례시정운영 방향 공유 언론인과의 간담회,15,412000,카드,,
12,용인시장,2022-08-10,,경조사비 지출,1,50000,현금,,
13,용인시장,2022-08-10 12:29,기와집,집중호우에 따른 재난피해 발생 현장 점검 후 관계직원 노고 격려,11,171000,카드,,
14,용인시장,2022-08-10 18:05,꽃예술원,경기도의회 11대 전반기 신임의장 축하 화분 구입,1,50000,카드,,
15,용인시장,2022-08-10 21:23,중앙족발,특례시정운영 방향 공유 및 홍보를 위한 언론인과의 간담회,14,366000,카드,,
16,용인시장,2022-08-11 12:55,주식회사 대가원 용인,2부시장 취임 오찬 간담회 식대,26,632000,카드,,
17,용인시장,2022-08-12 12:50,주식회사 더뷰일칠,시정정책 방향 공유 및 소통등 지역주민 순회 방문 간담회 식대,15,321000,카드,,
18,용인시장,2022-08-12 16:51,도미노피자 흥덕점외 1개소,집중호우에 따른 수해 피해 복구 부서 노고 격려 간식,18,136960,카드,,
19,용인시장,2022-08-12 20:24,루프8,민선8기 용인특례시장직 인수위 파견 직원 노고 격려,25,480000,카드,,
20,용인시장,2022-08-13 11:45,제이플라워카페,민원응대 및 수행 업무추진 직원 노고 격려 간식,4,29000,카드,,
21,용인시장,2022-08-13 13:22,칸지고고 죽전점,재난복구 종사 직원 노고 격려 식대,40,485000,카드,,
22,용인시장,2022-08-14 18:15,시골집,재난복구 종사 직원 노고 격려 식대,16,250000,카드,,
23,용인시장,2022-08-15 11:49,도미노피자 용인점,광복절 경축행사 주관등 참여부서 노고 격 려,21,192710,카드,,
24,용인시장,2022-08-16 13:01,한성가든,시정정책 방향 공유 및 소통등 지역주민 순회 방문 간담회 식대,18,380000,카드,,
25,용인시장,2022-08-16 20:47,화포식 당,특례시정운영 방향 공유 및 홍보를 위한 언론인과의 간담회,8,158000,카드,,
26,용인시장,2022-08-17,,경조사비 지출,3,150000,현금,,
27,용인시장,2022-08-17 14:17,놀부부대찌개,재난복구 종사 직원 노고 격려 식대,27,441100,카드,,
28,용인시장,2022-08-17 16:45,미스터피자 용인동백점,집중호우에 따른 수해 피해 복구 부서 노고 격려 간식,18,105810,카드,,
29,용인시장,2022-08-17 21:40,크리스탈제이드 소공점,글로벌 반도체 특화도시 운영 방향 공유 및 홍보 등 업무추진 식 대,10,297000,카드,,
30,용인시장,2022-08-18 11:34,71 부커 피 (givecoffee),방문 면담민원 처리 및 언론브리핑 준비 등 직원 노고 격려 간식,4,47000,카드,,
31,용인시장,2022-08-18 19:40,에버랜드 차이나문,특례시 시장협의회 하반기 정기회의 개최 만찬 식대,44,1100000,카드,,
32,용인시장,2022-08-19 11:44,리틀꼬마김밥 용인역,방문 면담민원 처리 및 언론브리핑 준비 등 직원 노고 격려,9,62000,카드,,
33,용인시장,2022-08-19 20:17,문어로용인역삼점,민선8기 공약사업 세부 정책 발굴 기획업무 회의 식대,25,490000,카드,,
34,용인시장,2022-08-21,,경조사비 지출,1,50000,현금,,
35,용인시장,2022-08-22 7:44,멕도날드용인시청 DT 점,을지훈련 비상소집 준비 직원 노고 격려,11,36300,카드,,
36,용인시장,2022-08-22 12:39,레드웍,용인도시계획도로 개설공사 민원 해결 간담회,5,69000,카드,,
37,용인시장,2022-08-22 20:25,호접몽,글로벌 반도체 특화도시 운영 방향 공유 및 홍보 등 업무추진 식 대,17,475000,카드,,
38,용인시장,2022-08-23,,경조사비 지출,1,50000,현금,,
39,용인시장,2022-08-23 12:52,해원일식,글로벌 반도체 특화도시 운영 방향 공유 및 홍보 등 업무추진 식대,6,120000,카드,,
40,용인시장,2022-08-23 16:06,피자알볼로 수지상현점,공공청사 건립 민원 대책마련 등 직원 노고 격려,19,107300,카드,,
41,용인시장,2022-08-23 17:45,（주）이마트용인점,2022년 추석명절 직원 격려물품 구입,13,354020,카드,,
42,용인시장,2022-08-23 19:45,칸지고고 죽전점,시정정책 방향 공유 및 소통을 위한 주만설명회 식대,4,52000,카드,,
43,용인시장,2022-08-24 12:41,애플하우스,글로벌 반도체 특화도시 운영 방향 공유 및 통보 등 업무추진 식대,13,210500,카드,,
44,용인시장,2022-08-24 17:10,파더스김밥&카페,68회 경기도 체육대회 성화안치 준비 직원 노고 격려,13,58000,카드,,
45,용인시장,2022-08-24 22:15,바른참치,청사 시설물의 효율적 운영을 위한 업무협의 식대,4,94500,카드,,
46,용인시장,2022-08-25 8:35,SSG.COM,내방객 접견 물품 구입,0,189880,카드,,
47,용인시장,2022-08-25 11:08,（주） 다온,내방객 접견 물품 구입,0,660000,카드,,
48,용인시장,2022-08-25 18:49,피자알볼로 용인중앙점 외 1개소,22년 을지연습 추진 총괄 부서 직원 노고 격려 간식,43,256800,카드,,
49,용인시장,2022-08-26 11:41,샌두,휴일 행사 개최에 따른 수행 업무추진 직원 노고 격려,8,78400,카드,,
50,용인시장,2022-08-27,,경조사비 지출,3,150000,현금,,
51,용인시장,2022-08-27 11:50,김밥여행,휴일 행사 개최에 따른 수행 업무추진 직원 노고 격려,9,89000,카드,,
52,용인시장,2022-08-27 20:26,고추쏭아지,경기도 종합체육대회 운영 및 개.폐회식 행사 준비 등 직원 노고 격려,25,706000,카드,,
53,용인시장,2022-08-29,,경조사비 지출,1,50000,현금,,
54,용인시장,2022-08-29 10:49,SSG.COM,내방객 접견 물품 구입,0,39500,카드,,
55,용인시장,2022-08-29 12:23,곤드레찜드레,용인시 핵심리 더과정 장기교육생과의 오찬간담회,34,555000,카드,,
56,용인시장,2022-08-29 19:58,코리아횟집,시의회 정책간담회 참석 만찬 식대,69,2040000,카드,,
57,용인시장,2022-08-30 20:04,용인우렁각시,시정정책 방향 공유 및 소통을 위한 주민설명회 식대,12,335000,카드,,
58,용인시장,2022-08-31,,경조사비 지출,2,100000,현금,,
59,용인시장,2022-08-31 12:15,오병이어식당,온라인 시민청원 관련 관계자 회의 식대,6,97000,카드,,
60,용인시장,2022-08-31 20:18,문어로용인역삼점,특례시정 정책 방향 공유 및 소통을 위한 주민설명회 식대,16,435000,카드,,
1,용인시장,2022-09-02 20:07,메즈클라 （mezclar）,수지 고기교 확장에 따른 인근시군 관계자 업무협의 식대,12,313000,카드,,
2,용인시장,2022-09-03 11:46,어웨이크키친역북점,12회 경기도 장애인체육대회 폐회식행사 준비 직원 노고 격려,13,111000,카드,,
3,용인시장,2022-09-05,,경조사비 지출,1,50000,현금,,
4,용인시장,2022-09-05 8:55,SSG.COM,내방객 접견 물품 구입,0,182490,카드,,
5,용인시장,2022-09-05 13:04,자작나무갈비 용인동백점,종합복지센터 건립 추진관련 업무협의 식대,18,490000,카드,,
6,용인시장,2022-09-05 17:04,프룻앤버블가든,추석명절 연휴 유관기관 위문격려 등 총괄부서 노고 격려 간식,32,196000,카드,,
7,용인시장,2022-09-05 17:26,농업회사법인뎌술샘,시 홍보용 내방객 방문 기념품 구입,0,660000,카드,,
8,용인시장,2022-09-06 12:41,기분좋은식탁,지역사회 보장협의체 활성화 운영 회의 식대,21,483500,카드,,
9,용인시장,2022-09-06 17:05,파파존스피자 용인점,지능형교통체계（ITS）공모사업 국비확보 등 부서 노고 격려 간식,24,140000,카드,,
10,용인시장,2022-09-06 19:31,애플하우스,신속재난 대응복구 협력 구축 회의 식대,16,354000,카드,,
11,용인시장,2022-09-07 16:07,청년피자,동 현안 및 다수인 민원 처리 등 부서 노고 격려 간식,18,109200,카드,,
12,용인시장,2022-09-13,,경조사비 지출,4,200000,현금,,
13,용인시장,2022-09-13 16:07,본도시락 역북점,추석연휴기간 본청 상황 근무자 직원 노고 격려（도시락）,52,416000,카드,,
14,용인시장,2022-09-14 11:08,샐러디 용인역북점,SK 용인반도체 클러스터 용수공급 업무협의 관외출장에 따른 수행직원 식대,7,62400,카드,,
15,용인시장,2022-09-15 12:41,케 렌시아,"""오프라인 소통과 공감"" 추진계획관련 9월 선정 직원과의 소통 회의 식대",17,452000,카드,,
16,용인시장,2022-09-15 20:42,더라운드 삼성점,민선8기 글로벌 반도체 특화도시 운영 방향 등 시정 홍보관련 언론관계자 간담회,6,114000,카드,,
17,용인시장,2022-09-19 11:06,농업회사법인弼술샘,시 홍보용 내방객 방문 기념품 구입,0,930000,카드,,
18,용인시장,2022-09-19 12:56,들꽃,민선8기 시정정책 공유 및 소통을 위한 지역주민 간담회,10,224000,카드,,
19,용인시장,2022-09-19 20:13,불고기미식관,민선8기 글로벌 반도체 특화도시 운영 방향 등 시정 홍보관련 언론관계자 간담회,8,230000,카드,,
20,용인시장,2022-09-20 13:01,해원일식,민선8기 시정정책 공유 및 소통을 위한 지역주민 간담회,10,180000,카드,,
21,용인시장,2022-09-21,,경조사비 지출,4,200000,현금,,
22,용인시장,2022-09-21 12:16,파더스김밥&카페,민원응대 및 수행 업무추진 직원 노고 격려,9,40000,카드,,
23,용인시장,2022-09-21 14:32,양지바른보호작업장,내방객 접견 물품 구입,0,75000,카드,,
24,용인시장,2022-09-21 16:00,베스킨라빈스 역북점,23년 광역버스정보시스템 국고보조사업 국비확보부서 노고 격려 간식,32,122700,카드,,
25,용인시장,2022-09-21 18:38,김도연일품밥상,민원응대 및 수평 업무추진 직원 노고 격려,4,60000,카드,,
26,용인시장,2022-09-22,,경조사비 지출,1,50000,현금,,
27,용인시장,2022-09-22 21:22,죽전동고깃집광김,지역문화예술 육성을 위한 간담회 식대,20,430000,카드,,
28,용인시장,2022-09-24 12:13,유로코피자 용인처인점,시민참여 어울림 정원조성등 휴일개최 행사 수행직원 노고 격려,5,55100,카드,,
29,용인시장,2022-09-26 13:34,케 렌시 아 (Querenda)/,민선8기 시정정책 공유 및 소통을 위한 지역주민 간담회,16,453000,카드,,
30,용인시장,2022-09-27 13:14,해원일식,민선8기 시정정책 공유 및 소통을 위한 지 역주민 간담회,12,210000,카드,,
31,용인시장,2022-09-28,,경조사비 지출,1,50000,현금,,
32,용인시장,2022-09-29 12:34,궁촌,민선8기 시정정책 공유 및 소통을 위한 지역주민 간담회,28,490000,카드,,
33,용인시장,2022-09-30 11:01,정직유부역북점,민원응대 및 수행 업무추진 직원 노고 격려,9,70500,카드,,
1,용인시장,2022-10-04 12:40,미야자키,민선8기 시정정책 방향 공유 및 소통을 위한 주민 간담회,15,409000,카드,,
2,용인시장,2022-10-04 19:44,주식회사 대가원 용인,L자형 반도체 벨트 구축관련 사업추진 관계자 간담회,16,474000,카드,,
3,용인시장,2022-10-05 12:41,공원동태 탕,가을철 관광컨텐츠 활성화 업무협의 식대,6,60000,카드,,
4,용인시장,2022-10-05 13:02,해원일식,민선8기 공약사업 세부 정책 발굴 기획 추진 업무 회의 식대,5,100000,카드,,
5,용인시장,2022-10-05 20:52,임규비곱창전골맛집,꿈이를 안전체험교실 운영관련 논의 관계자 간담회,16,465000,카드,,
6,용인시장,2022-10-06,,경조사비 지출,2,100000,현금,,
7,용인시장,2022-10-06 11:29,세영이지 （주）/더베이,L자형 반도체 벨트 구축관련 유관기관 차담회,5,12500,카드,,
8,용인시장,2022-10-06 12:22,한배꼽옛날손순대,문화예술 저 변확대 및 지 역문화예술 발전방향 협의 식 대,6,80000,카드,,
9,용인시장,2022-10-06 20:05,현조,반도체 특화도시 운영 방향등 시정 홍보관련 언론관계자 간담회,10,300000,카드,,
10,용인시장,2022-10-07 10:21,정원유통（정일11 번》,내방객 접견 물품 구입,0,252000,카드,,
11,용인시장,2022-10-07 12:27,코다리 감동이 되다,장애인 단체 지원방안을 위한 업무관계자와의 간담회,8,82000,카드,,
12,용인시장,2022-10-07 21:10,동백장어,민선8기 시정정책 방향 공유 및 소통을 위한 주민 간담회 식대,10,284000,카드,,
13,용인시장,2022-10-08 13:23,재벌집,경기도 장애인 생활체육대회 행사 지원 수행직원 노고 격려,4,61000,카드,,
14,용인시장,2022-10-12,,경조사비 지줄,3,150000,현금,,
15,용인시장,2022-10-12 13:02,케 렌시 아 (Querencia》/,관광자원개발정책관련 간담회 식대,6,156500,카드,,
16,용인시장,2022-10-12 15:02,농업회사법인弼술샘,내방객 방문 기념품 구입,0,930000,카드,,
17,용인시장,2022-10-12 22:05,스시환,반도체 특화도시 운영 방향등 시정 홍보관련 언론관계자 간담회,4,114000,카드,,
18,용인시장,2022-10-03,SSG.COM,내방객 접견 물품 구입,0,180280,카드,,
19,용인시장,2022-10-13 11:13,샐러디 용인역북점,용인시 노인대학 특강 관련 준비 직원 도시락 구입,12,138000,카드,,
20,용인시장,2022-10-14 13:14,궁,민선8기 시정정책 방향 공유 및 소통을 위한 주민 간담회,27,480000,카드,,
21,용인시장,2022-10-15 13:02,해원일식,제22회 사이버과학축제 개최 추진 부서 노고 격려,7,125000,카드,,
22,용인시장,2022-10-15 17:59,주식회사 라미르,글로벌 반도체 특화도시 및 용인관광지 등 시정 홍보 관련 관계자 간담회 간식,17,160600,카드,,
23,용인시장,2022-10-15 21:03,뜰안애,글로벌 반도체 특화도시 및 용인관광지 등 시정 홍보 관련 관계자 간담회,17,495000,카드,,
24,용인시장,2022-10-17 12:39,궁촌,전문체육 육성지원 관계자 간담회 식대,12,170000,카드,,
25,용인시장,2022-10-17 21:11,소박사,민선8기 공약사업 추진관련 세부 정책 기획 논의 식대,18,451000,카드,,
26,용인시장,2022-10-18 11:40,SSG.COM,내방객 접견 물품 구입,0,194030,카드,,
27,용인시장,2022-10-18 11:51,김밥여행,중앙동 도시재생 공모사업 현장실사관련 준비직원 노고 격려,12,85500,카드,,
28,용인시장,2022-10-19 12:33,해원일식,지역특화사업 발굴 및 사업개선방안 논으I .사전간담회,4,100000,카드,,
29,용인시장,2022-10-20,,경조사비 지출,2,100000,현금,,
30,용인시장,2022-10-20 12:25,강원도 감자옹심 이칼국수,민원응대 및 수평 업무추진 직원 노고 격려,8,102000,카드,,
31,용인시장,2022-10-20 12:35,궁,민선8기 시정정책 방향 공유 및 소통을 위한 주민 간담회,30,480000,카드,,
32,용인시장,2022-10-21 10:18,정원유통,22년 마을 공동체 활동 지원부서 노고 격려 간식,22,146000,카드,,
33,용인시장,2022-10-21 12:44,문어로용인역삼점,민선8기 시정정책 방향 공유 및 소통을 위한 주민 간담회,8,200000,카드,,
34,용인시장,2022-10-21 15:59,선명희피자 처인구점,도시첨단산단 민원처리 등 부서 노고 격려 간식,12,80000,카드,,
35,용인시장,2022-10-21 20:38,로얄피그,민선8기 시정정책 방향 공유 및 소통을 위한 주민 간담회,18,442000,카드,,
36,용인시장,2022-10-21 21:01,열불꾸이날개 용인역북점,반도체 특화도시 운영 방향등 시정 홍보관련 언론관계자 간담회,8,180100,카드,,
37,용인시장,2022-10-22 12:52,문어로용인역삼점,용인패밀리페스티벌 행사 추진 부서 노고 격려,8,161000,카드,,
38,용인시장,2022-10-24 13:08,새암농장,내방객 기 념품 구입,0,960000,카드,,
39,용인시장,2022-10-24 15:38,에그드랍 역북점 외 2개소,22년 국민행복민원실 신규인증 기관 표창에 따른 직원 노고 격려 간식,60,359300,카드,,
40,용인시장,2022-10-25 11:37,샐러디 용인역북점,민원응대 및 수행 업무추진 직원 노고 격려,5,31100,카드,,
41,용인시장,2022-10-25 13:21,농업회사법인弼술샘,내방객 방문 기념품 구입,0,930000,카드,,
42,용인시장,2022-10-25 21:22,더 （The） 한점,민선8기 시정정책 방향 공유 및 소통을 위한 주민 간담회,16,450000,카드,,
43,용인시장,2022-10-26 12:31,별미민물매운탕,민원응대 및 수행 업무추진 직원 노고 격려,6,88000,카드,,
44,용인시장,2022-10-26 12:46,미야자키,민선8기 공약사업 세부 정책 발굴 기획업무 회의 식대,13,373000,카드,,
45,용인시장,2022-10-26 13:50,양지바른보호작업장,내방객 접견 물품 구입,0,87000,카드,,
46,용인시장,2022-10-26 19:08,궁,22년 용인 청년 김대건길 걷기대회 행사 개최 관련 간담회,12,348000,카드,,
47,용인시장,2022-10-26 20:07,（주）삼천리이엔지/차이,반도체 특화도시 운영 방향등 시정 홍보관련 언론관계자 간담회,12,322000,카드,,
48,용인시장,2022-10-27,,경조사비 지출,4,200000,현금,,
49,용인시장,2022-10-27 11:15,햇살머은꼬마김밥（삼가점）,민원응대 및 수행 업무추진 직원 노고 격려,4,24000,카드,,
50,용인시장,2022-10-27 11:36,정직유부역북점,민원응대 및 수행 업무추진 직원 노고 격려,8,53900,카드,,
51,용인시장,2022-10-28 8:24,커피빈 이태원몬드리,전국시장군수대상 국정 설명회 수행직원 노고 격려 간식,4,23000,카드,,
52,용인시장,2022-10-28 10:23,SSG.COM,내방객 접견 물품 구입,0,183440,카드,,
53,용인시장,2022-10-28 12:08,옛집국수,전국시장군수대상 국정 설명회 참석차 수행직원 격려,4,21000,카드,,
54,용인시장,2022-10-28 12:32,153포인츠 부대찌개,민원응대 및 수행 업무추진 직원 노고 격려,6,89000,카드,,
55,용인시장,2022-10-28 15:46,도미노피자 용인점,환경교육도시 우수 지자체 선정에 따른 부서 노고 격려 간식,28,149850,카드,,
56,용인시장,2022-10-29 12:18,궁,청년 김대건길 걷기대회 행사 수행직원 노고 격려,5,84000,카드,,
57,용인시장,2022-10-31 12:29,궁,지역문화예술 발전방향 협의 관계자 식대,8,164000,카드,,
1,용인시장,2022-11-01 11:35,파더스김밥&카페,고매하수처리장 현장방문관련 수행직원 노고 격려,8,53700,카드,,
2,용인시장,2022-11-02 12:52,해원일식,아프리카 돼지열병 발생에 따른 가축방역 업무추진 간담회 식대,4,100000,카드,,
3,용인시장,2022-11-03 12:59,해원일식,계획적인 도시계획 추진 관련 관계자 간담회,4,110000,카드,,
4,용인시장,2022-11-04 12:48,샬레,농가 기술 경쟁력 향상 및 신기술 보급 지원 추진 등 부서 노고 격려,8,229000,카드,,
5,용인시장,2022-11-04 20:39,우텐더정자점,고기교 확장관련 인근시군 관계자 간담회,14,398000,카드,,
6,용인시장,2022-11-05 13:26,김남희한우,교육기관 관계자 간담회,12,340000,카드,,
7,용인시장,2022-11-06 21:05,칸지고고 죽전점,민원관련 현안사항 처리 등 휴일 근무직원 노고 격려 식대,8,239000,카드,,
8,용인시장,2022-11-07 12:52,뜰안애,농업인의 날 행사 주진 연계 농산물 유통행사 간담회,9,252000,카드,,
9,용인시장,2022-11-07 20:10,주식회사 디590,우수보육시설 제공 등 보육환경 조성 방안 회의 식대,12,313000,카드,,
10,용인시장,2022-11-08 19:29,나주집,민선8기 시정정책 공유 및 소통을 위한 주민 설명 간담회,18,490000,카드,,
11,용인시장,2022-11-09,,경조사비 지출,4,200000,현금,,
12,용인시장,2022-11-10 12:27,애플하우스,종합복지센터 건립추진 업무협의 식대,8,199000,카드,,
13,용인시장,2022-11-10 20:20,주문진 물회,민선8기 시정정책 공유 및 소통을 위한 주민 설명 간담회,16,362000,카드,,
14,용인시장,2022-11-11,,경조사비 지출,1,50000,현금,,
15,용인시장,2022-11-11 20:51,주식회사 함평원,스마트빌리지 사업 추진관련 유관기관 관계자 간담회,17,486000,카드,,
16,용인시장,2022-11-12 13:16,제주도,휴일 개최 행사 수행 직원 및 관계직원 노고 격려,8,176000,카드,,
17,용인시장,2022-11-14 12:48,제주도,지역문화예술 육성을 위한 업무협의 식대,12,168000,카드,,
18,용인시장,2022-11-15,,경조사비 지출,3,150000,현금,,
19,용인시장,2022-11-15 10:38,SSG.COM,내방객 접견 물품 구입,0,192060,카드,,
20,용인시장,2022-11-15 19:44,소금,22년 용인 야간마실 프로그램 행사 운영 관계자 간담회,6,140000,카드,,
21,용인시장,2022-11-16 13:26,칸지고고 죽전점,특례시 행정구역 체제 지역균형 발전방향 등 논의 간담회,7,183500,카드,,
22,용인시장,2022-11-17 8:06,그레텔외 1개소,제2차 정례회 대비 시의회 의정연수 다과 구입,55,587000,카드,,
23,용인시장,2022-11-18 12:33,본수원갈비,회계역량강화 회계실무자 교육추진 부서 노고 격려 식대,6,80000,카드,,
24,용인시장,2022-11-18 12:49,메이란,소상공인 자영업자 경영안정 지원방안 업무 협의 간담회,8,189000,카드,,
25,용인시장,2022-11-18 16:33,양지바른보호작업장 외 1개소,내방객 접견 물품 구입,0,195700,카드,,
26,용인시장,2022-11-18 16:55,어웨이크키친 역북점외 1개소,회계역량강화 회계실무자 교육추진 부서 노고 격려 간식,23,304300,카드,,
27,용인시장,2022-11-18 17:44,영구스피자,조류 인플루엔자 발생관련 살처분등 방역 추진 부서 노고 격려 간식,17,142700,카드,,
28,용인시장,2022-11-18 20:23,곰솔,23년 특별교부세 확보사업 논의관련 유관기관 관계자 간담회,8,234000,카드,,
29,용인시장,2022-11-21 13:25,참우돈가 （주）,노인 맞중 복지 일자리 강화 방안 간담회,14,412400,카드,,
30,용인시장,2022-11-21 20:02,주식회사월드씨암,재난대응 안전한국훈련 관련 간담회,7,188000,카드,,
31,용인시장,2022-11-22 14:32,카페드롭 탑용인 역 북점,민원응대 및 수행 업무추진 직원 노고 격려 간식,3,14900,카드,,
32,용인시장,2022-11-22 20:08,다린,지속가능한 투자환경 조성을 위한 관계자 간담회,6,169000,카드,,
33,용인시장,2022-11-23 10:29,샐러디 용인역북점 외 1개소,민원응대 및 수행 업무추진 직원 노고 격려 식대,9,62400,카드,,
34,용인시장,2022-11-23 13:59,국회후생복지회관 카페,민원응대 및 수행 업무추진 직원 노고 격려 간식,4,8400,카드,,
35,용인시장,2022-11-23 19:53,칸지고고 죽전점,민선8기 시정정책 공유 및 소통을 위한 주민 설명 간담회,18,498000,카드,,
36,용인시장,2022-11-24,,경조사비 지출,1,50000,현금,,
37,용인시장,2022-11-24 12:58,들꽃,지 역경제 활성화 추진 간담회,10,240000,카드,,
38,용인시장,2022-11-24 15:54,에그드 랍,경기도 건축행정 건실화 평가 최우수 수상 부서 노고 격려 간식,24,143800,카드,,
39,용인시장,2022-11-25,,경조사비 지줄,1,50000,현금,,
40,용인시장,2022-11-25 13:13,참우돈가 （주）,민선8기 시정정책 공유 및 소통을 위한 주민 설명 간담회,17,495000,카드,,
41,용인시장,2022-11-25 15:01,할리스커피 센터포인,국민행복민원실 시상 관련 관계직원 노고 격려 간식,5,27700,카드,,
42,용인시장,2022-11-25 16:24,미미피자,플랫폼시티 광역교통개선대책 확정 등 부서 노고 격려 간식,31,208600,카드,,
43,용인시장,2022-11-25 19:08,골든벨 함흥면옥,국내자매도시 추진관련 외빈초청 수행 부서 노고 격려,6,142000,카드,,
44,용인시장,2022-11-26 13:10,김남희한우,휴일 행사 개최 추진 등 부서 노고 격려,12,309000,카드,,
45,용인시장,2022-11-28 15:56,에그드랍 역북점외 2개소,국민행복민원실 국무총리 표창 수상에 따른 부서 노고 격려 간식,60,357800,카드,,
46,용인시장,2022-11-29 16:21,SSG.COM,내방객 접견 물품 구입,0,185620,카드,,
47,용인시장,2022-11-29 19:09,코레일유통주식회사,특례시 안건처리 및 현안논의관련 관외출장 수행직원 노고 격려,4,33000,카드,,
48,용인시장,2022-11-30 13:02,소금,지역문화예술 육성을 위한 업무협의 식대,8,215000,카드,,
1,용인시장,2022-12-01 12:37,시골보리밥집,구갈다목적 복지회관 증축공사 관련 사업추진관계자와의 업무 협의,16,450000,카드,,
2,용인시장,2022-12-02 13:04,해원일식,고병원성 조류 인플루엔자 발생 등 방역 관련 관계자 회의 식대,9,218000,카드,,
3,용인시장,2022-12-05 12:58,블루상하이,반도체 특화도시 운영 방향 등 시정 홍보관련 언론관계자 간담회,7,194,카드,,
4,용인시장,2022-12-05 1639,경성꽈배기 외 1개소,경기도 주택행정 우수시군평가 대상 수상 부서 노고 격려 간식,19,120000,카드,,
5,용인시장,2022-12-05 17:47,SSG.COM,내방객 접견 물품 구입,0,199300,카드,,
6,용인시장,2022-12-06 20:34,가득찬,민선8기 공약사업 등 시정정책 공유 및 소통을 위한 주민 설명 간담회,18,486000,카드,,
7,용인시장,2022-12-07,,경조사비 지출,2,100000,현금,,
8,용인시장,2022-12-07 12:35,뜰안애,본청 청사 방호 직원 노고 격려,22,594000,카드,,
9,용인시장,2022-12-07 19:48,메밀존삼겹,민선8기 공약사업 등 시정정책 공유 및 소통을 위한 주민 설명 간담회,17,460000,카드,,
10,용인시장,2022-12-08 13:29,조가네갑오징어 죽전점,반도체 특화도시 운영 방향 등 시정 홍보관련 언론관계자 간담회,6,120000,카드,,
11,용인시장,2022-12-09 12:49,타이씨암,12월 공직자 오프라인 소통과 공감 추진 식 대,22,409000,카드,,
12,용인시장,2022-12-09 13:59,피자헛 용인점 외 2개소,역상도시개발사업 임시총회 등 현안처리 부서 노고 격려 간식,51,409210,카드,,
13,용인시장,2022-12-12,,경조사비 지출,1,50000,현금,,
14,용인시장,2022-12-12 12:41,해원일식,전통시장 및 상점가 활성화 지원 업무추진 간담회,7,145000,카드,,
15,용인시장,2022-12-12 16:14,피자알볼로,재난대응 자원봉사활동 우수센터 선정에 따른 노고 격려 간식,18,148100,카드,,
16,용인시장,2022-12-12 16:26,도미노피자 용인점,경기도 도로정비 평가 우수사군 선정에 따른 부서 노고 격려 간식,17,119920,카드,,
17,용인시장,2022-12-12 20:56,호접용,간부공무원 연말 성과 공유 및 평가 등 간담회,44,1320000,카드,,
18,용인시장,2022-12-13 12:32,별미민물매운탕,구갈다목적 복지회관 증축공사 관련 사업추진관계자와의 업무 협의,12,223000,카드,,
19,용인시장,2022-12-14 12:57,주식회사 대가원 용인,민선8기 공약사업 등 시정정책 공유 및 소통을 위한 주민 설명 간담회,11,316000,카드,,
20,용인시장,2022-12-14 20:33,브이아이피참치 （주）,반도체 특화도시 운영 방향 등 시정 통보관련 언론관계자 간담회,18,481000,카드,,
21,용인시장,2022-12-15 9:30,SSG.COM,내방객 접견 물품 구입,0,196510,카드,,
22,용인시장,2022-12-15 11:19,선비꼬마김밥 용인1호,민원응대 및 수행 업무추진 직원 노고 격려,11,100000,카드,,
23,용인시장,2022-12-15 21:32,행복한 참치,반도체 특화도시 운영 방향 등 시정 홍보관련 언론관계자 간담회,20,490000,카드,,
24,용인시장,2022-12-16 12:54,해원일식,청사 별관 증축공사 관련 업무관계자 회의 식 대,6,120000,카드,,
25,용인시장,2022-12-16 16:55,까페 나른,3개구 노인복지관 감사의 날 행사 추진 부서 노고 격 려 간식,18,150000,카드,,
26,용인시장,2022-12-17 14:02,심마니,휴일 행사 개최에 따른 준비직원 노고 격려,8,181000,카드,,
27,용인시장,2022-12-19,,경조사비 지출,1,50000,현금,,
28,용인시장,2022-12-19 12:37,연진네토종닭,청사 별관 증축공사 관련 업무관계자 회의 식대,12,300000,카드,,
29,용인시장,2022-12-20 13:23,다니엘 스테이크하우스,2035년 용인도시기본계획 재수립 추진 관계자 간담회,10,257000,카드,,
30,용인시장,2022-12-20 16:05,도미노피자외 2개소,국토부 도시재생사업 공모 국비확보 등 부서 노고 격려 간식,143,1009850,카드,,
31,용인시장,2022-12-20 20:49,동백홈참치,도시계획도로 도로확장관련 관계자 간담회,8,194000,카드,,
32,용인시장,2022-12-21,,경조사비 지출,1,50000,현금,,
33,용인시장,2022-12-21 19:33,락앤웍 （성복점）,우수보육시설 제공 등 보육환경 조성방안 마련 간담회,16,475000,카드,,
34,용인시장,2022-12-22 10:52,농업회사법인范 술샘,시 흥보용 내방객 방문 기념품 구입,0,220000,카드,,
35,용인시장,2022-12-22 12:22,제주맛집,기업하기 좋은 도시환경 조성방안 마련 관계자 간담회,12,310000,카드,,
36,용인시장,2022-12-22 13:45,SSG.COM,내방객 접견 물품 구입,0,197980,카드,,
37,용인시장,2022-12-23,,경조사비 지출,1,50000,현금,,
38,용인시장,2022-12-23 12:17,민소한우【서여의도점》외 1개소,대한민국 지식경영 포럼 참석에 따른 수행직원 노고 격려 식대 및 간식,4,100000,카드,,
39,용인시장,2022-12-26,,경조사비 지출,1,50000,현금,,
40,용인시장,2022-12-26 12:47,원일가마솥설렁탕,23년 교육지원 및 협력사업 논의 관련 유관기관 간담회,30,330000,카드,,
41,용인시장,2022-12-26 16:03,피자알볼로,광역버스 입석금지 현장점검 추진부서 노고 격려 간식,31,212500,카드,,
42,용인시장,2022-12-27 10:42,경기용인지역자활센터,시 홍보용 내방객 방문 기념품 구입,0,1000000,카드,,
43,용인시장,2022-12-27 12:42,해원일식,민선8기 공약사업 등 시정정책 공유 및 소통을 위한 주민 설명 간담회,19,470000,카드,,
44,용인시장,2022-12-27 13:58,와플대학 용인 역북캠퍼스,중소기업 개발부담금 산정 지원 업무협약 체결에 따른 부서 노고 격려 간식,24,190500,카드,,
45,용인시장,2022-12-27 21:18,감골오리,민선8기 공약사업 등 시점정책 공유 및 소통을 위한 주민 설명 간담회,18,490000,카드,,
46,용인시장,2022-12-28 9:51,새달농원,시 홍보용 내방객 방문 기념품 구입,0,500000,카드,,
47,용인시장,2022-12-28 12:29,두부쑤는집,특례시 행정구역 체제 지역균형 발전방향 등 논의 간담회,10,130000,카드,,
48,용인시장,2022-12-28 15:45,SSG.COM,내방객 접견 물품 구입,0,181080,카드,,
49,용인시장,2022-12-28 19:33,일광식 당,문화예술인 저변확대 및 지역문화예술 발전방향 논의 간담회,14,350000,카드,,
50,용인시장,2022-12-29 12:35,미야자키,22년 비상 대비훈련 기관표창 부서 노고 격려,16,385000,카드,,
51,용인시장,2022-12-29 14:06,양지바른보호작업장,시 홍보용 내방객 방문 기념품 구입,0,77000,카드,,
52,용인시장,2022-12-29 19:22,시원회수산,민선8기 공약사업 등 시정정책 공유 및 소통을 위한 주민 설명 간담회,18,490000,카드,,
53,용인시장,2022-12-30 12:25,사담손만두용인점,플랫폼시티 광역교통개선대책 성과 공유 및 소통을 위한 간담회,25,450000,카드,,
1,용인시장,2023-01-01 10:19,용인돌솥설렁탕,신년맞이 현충탑 참배 행사 참석 직원 노고 격려,51,408000,카드,,
2,용인시장,2023-01-02,용인시청 구내식당,2023년 새해 맞이 상근직원 노고 격려 오찬 식대,1000,6000000,현금,,
3,용인시장,2023-01-02 19:47,함평천지한우장어,간부공무원 간담회 식대,18,480000,카드,,
4,용인시장,2023-01-03,,경조사비 지출,3,150000,현금,,
5,용인시장,2023-01-03 11:38,정직유부역북점,언론브리핑 인터뷰 관련 준비 직원 노고 격려 도시락 구입,9,75300,카드,,
6,용인시장,2023-01-04 11:33,샐러디 용인역북점외 1개소,민원응대 및 일정협의 업무추진 직원 노고 격려 식대 및 간식,9,172800,카드,,
7,용인시장,2023-01-05 13:09,임규비곱창전골맛집,신 년 언론브리핑 개최 관련 언론관계자 간담회,14,320000,카드,,
6,용인시장,2023-01-05 20:12,가득찬,전문체육 육성지원 관계자 간담회 식대,12,292000,카드,,
9,용인시장,2023-01-06 12:23,임규비곱창전골맛집,해외통상 업무추진 관계자 간담회 식대,6,169000,카드,,
10,용인시장,2023-01-10,,경조사비 지출,3,150000,현금,,
11,용인시장,2023-01-11 17:02,（주）이마트용인점,2023년 설명절 직원 격려물품 구입,15,491700,카드,,
12,용인시장,2023-01-12,,경조사비 지출,4,200000,현금,,
13,용인시장,2023-01-16 12:35,코다리 감동이 되다,지역문화에술 육성 업무협의 식대,12,216000,카드,,
14,용인시장,2023-01-16 15:14,이 마트 용인점,설명절 사회복지시설 방문 위문품 구입,0,703330,카드,,
15,용인시장,2023-01-17 1237,（주）이마트용인점,내방객 접견 물품 구입,0,125560,카드,,
16,용인시장,2023-01-17 12:53,해원일식,지역사회보장 서비스 제공 연계 등 관계자 간담회 식대,6,130000,카드,,
17,용인시장,2023-01-17 14:52,양지바른보호작업장,내방객 접견 물품 구입,0,77000,카드,,
18,용인시장,2023-01-18 12:51,대가원,관내 유관기관장 정기 회의 개최 식대,26,400000,카드,,
19,용인시장,2023-01-18 15:03,정원유통（정일11 번）,내방객 접견 물품 구입,0,230000,카드,,
20,용인시장,2023-01-18 20:43,아낙감,민선8기 시정 홍보관련 언론관계자와의 간담회,10,262000,카드,,
21,용인시장,2023-01-19 12:41,별미민물매운탕,아프리카 돼지열병 방역 회의 식대 지출,5,100000,카드,,
22,용인시장,2023-01-19 17:20,（주）이마트용인점,내방객 접견 물품 구입,0,165900,카드,,
23,용인시장,2023-01-20 12:44,주식회사월드씨암,읍면동 유관기관장 업무협의 오찬 식대,22,490000,카드,,
24,용인시장,2023-01-20 17:22,햇살머은꼬마김밥,행사일정 수행 직원 노고 격려 식대,6,45000,카드,,
25,용인시장,2023-01-25,,경조사비 지출,1,50000,현금,,
26,용인시장,2023-01-25 12:46,함평천지한우장어,민원응대 및 일정협의 업무추진 직원 노고 격려,2,20000,카드,,
27,용인시장,2023-01-25 16:04,본도시락 역북점,설연휴 상황근무 직원 노고 격려 식대,65,676000,카드,,
28,용인시장,2023-01-25 20:32,다이닝 류,창의적 정책발굴 추진 관련 업무협의 식대,6,149000,카드,,
29,용인시장,2023-01-26 12:42,（주）에스엔알푸드 153,청사시설물 관리업무 간담회 식대,8,134000,카드,,
30,용인시장,2023-01-26 15:22,SSG.COM,내방객 접견 물품 구입,0,190220,카드,,
31,용인시장,2023-01-26 21:36,동백빈대떡,민선8기 시정 홍보관련 언론관계자와의 간담회,6,136000,카드,,
32,용인시장,2023-01-27 12:41,뜰안애,읍면동 유관기관장 업무협의 오찬 식대,16,377000,카드,,
33,용인시장,2023-01-27 19:21,중식당 표량,민선8기 시정 홍보관련 언론관계자와의 간담회,9,252000,카드,,
34,용인시장,2023-01-28 13:24,칸지고고 죽전점,휴일 행사개최에 따른 준비직원 노고 격려,8,140000,카드,,
35,용인시장,2023-01-30,,경조사비 지출,3,150000,현금,,
36,용인시장,2023-01-30 12:51,마루가든,읍면동 유관기관장 업무협의 오찬 식 대,15,238000,카드,,
37,용인시장,2023-01-31 12:49,농업회사 법인 장수한우프라자,민선8기 시정정책 공유 및 소통을 위한 주민 설명 간담회,14,332000,카드,,
38,용인시장,2023-01-31 13:26,弼다온,내방객 기념품 구입,0,1450000,카드,,
1,용인시장,2023-02-01,,경조사비 지출,1,50000,현금,,
2,용인시장,2023-02-01 12:38,로송,관내 읍면동 유관기관장 오찬 식대,16,340000,카드,,
3,용인시장,2023-02-01 19:59,함평천지한우장어,민선8기 시정정책 공유 및 소통을 위한 주민 설 명 간담회,15,383000,카드,,
4,용인시장,2023-02-02,,경조사비 지출,1,50000,현금,,
5,용인시장,2023-02-02 11:06,설러디 용인역북점,민원응대 및 일정협의 업무추진 직원 노고 격려,8,86100,카드,,
6,용인시장,2023-02-02 21:51,죽전동고깃집광김,민선8기 시정정책 공유 및 소통을 위한 주민 설명 간담회,13,329000,카드,,
7,용인시장,2023-02-03 12:37,호접몽,관내 읍면동 유관기관장 오찬 식 대,16,362000,카드,,
8,용인시장,2023-02-03 15:17,60계 치킨,이웃돕기 활성화 추진 부서 노고 격려 간식,13,97600,카드,,
9,용인시장,2023-02-03 21:10,（주）꼰떼 넨 떼,글로벌 반도체 특화도시 홍보관련 언론관계자와의 간담회,10,274000,카드,,
10,용인시장,2023-02-06 11:40,이마트용인점,내방객 접견 물품 구입,0,152980,카드,,
11,용인시장,2023-02-06 12:41,진주옥냉면,관내 읍면동 유관기관장 오찬 식대,18,427000,카드,,
12,용인시장,2023-02-06 20:27,임규비곱창전골맛집,민선8기 시정정책 공유 및 소통을 위한 주민 설명 간담회,14,372000,카드,,
13,용인시장,2023-02-07 12:00,궁,민선8기 시정정책 공유 및 소통을 위한 주민 설명 간담회,15,385000,카드,,
14,용인시장,2023-02-07 15:50,SSG.COM,내방객 접견 물품 구입,0,180010,카드,,
15,용인시장,2023-02-08 12:48,（주）소풍,관내 읍면동 유관기관장 오찬 식대,12,234000,카드,,
16,용인시장,2023-02-08 20:17,효 （孝）,글로벌 반도체 특화도시 홍보관련 언론관계자와의 간담회,10,293000,카드,,
17,용인시장,2023-02-09 11:07,샐러디 용인역북점,민원응대 및 일정협의 업무추진 직원 노고 격려,8,122600,카드,,
18,용인시장,2023-02-10 20:52,촌,글로벌 반도체 특화도시 홍보관련 언론관계자와의 간담회,19,477000,카드,,
19,용인시장,2023-02-11 11:26,정직유부역북점,휴일 행사참석에 따른 수행직원 노고 격려,4,53400,카드,,
20,용인시장,2023-02-13 11:38,SSG.COM,내방객 접견 물품 구입,0,198820,카드,,
21,용인시장,2023-02-13 11:46,파더스김밥&카페,관외출장 및 행사일정 수행직원 노고 격려 배달도시락,8,87200,카드,,
22,용인시장,2023-02-14 12:54,궁,민선8기 시정정책 공유 및 소통을 위한 주민 설명 간담회,18,498000,카드,,
23,용인시장,2023-02-14 21:28,（주） 신화아이푸드,글로벌 반도체 특화도시 홍보관련 언론관계자와의 간담회,10,270000,카드,,
24,용인시장,2023-02-15 12:52,（주）무릉도원,관내 읍면동 유관기관장 오찬 식대,20,418000,카드,,
25,용인시장,2023-02-16 12:29,소금,민선8기 시정정책 공유 및 소통을 위한 주민 설명 간담회,14,363000,카드,,
26,용인시장,2023-02-16 20:33,153포인츠부대찌개명,지역교육공동체 구축 등 지역특색사업추진 정책발굴 간담회,9,198000,카드,,
27,용인시장,2023-02-17 12:49,한성가든,관내 읍면동 유관기관장 오찬 식대,16,270000,카드,,
28,용인시장,2023-02-17 17:39,（주） 다온,내방객 방문기념품 구입,0,870000,카드,,
29,용인시장,2023-02-20 12:41,안동국시 청와정,관내 읍면동 유관기관장 오찬 식대,14,329000,카드,,
30,용인시장,2023-02-21 12:37,송정누롱지백숙닭갈비,용인 관광컨텐츠 개발 활성화 관련 업무 협의 식 대,4,57000,카드,,
31,용인시장,2023-02-21 17:16,（주） 이마트용인점,내방객 접견 물품 구입,0,94260,카드,,
32,용인시장,2023-02-21 20:17,가마솥왕족발,지역문화예술 발전방향 논의 업무회의 식대,6,137000,카드,,
33,용인시장,2023-02-22 9:33,국회후생복지위원회,국회 정책토론회 참석 에 따른 수행직원 노고 격 려 음료,4,29900,카드,,
34,용인시장,2023-02-22 12:29,난준반점,203S년 용인도시기본계획 재수립 추진 관계자 간담회,7,126000,카드,,
35,용인시장,2023-02-23 11:44,노브랜드버거 역북점,집단민원 대응 부서 노고 격려 식대,24,168000,카드,,
36,용인시장,2023-02-23 18:34,더라운드 삼성점,글로벌 반도체 특화도시 홍보관련 언론관계자와의 간담회,18,485000,카드,,
37,용인시장,2023-02-24 12:41,백년황태,23년 노인일자리 등 사회활동 맞춤 복지 강화 간담회,10,126000,카드,,
38,용인시장,2023-02-24,죽전송도갈비,관내 읍면동 유관기관장 오찬 식대,20,448000,카드,,
39,용인시장,2023-02-27 21:08,함평천지한우장어,민선8기 시정정책 공유 및 소통을 위한 주민 설명 간담회,22,480000,카드,,
40,용인시장,2023-02-28 11:26,하이드파크,민원응대 및 일정협의 업무추진 직원 노고 격려 간식,3,12000,카드,,
41,용인시장,2023-02-28 12:48,（주） 소풍,여성친화도시 조성을 위한 정책 논의 간담회,20,495000,카드,,
1,용인시장,2023-03-02 13:06,궁,도시재생사업 공모 선정 국도비등 확보 부서 노고 격려,20,800000,카드,,
2,용인시장,2023-12-02 15:11,SSG.COM,내방객 접견 다과등 물품 구입,0,192180,카드,,
3,용인시장,2023-03-02,,경조사비 지출,2,100000,현금,,
4,용인시장,2023-03-03 12:34,춘천원조닭갈비,장애인 단체 지원방안을 위한 업무관계자와의 간담회,6,111000,카드,,
5,용인시장,2023-03-03 20:47,동백갈비,갈등관리 조정 관련 관계자 소통회의 식 대,10,249000,카드,,
6,용인시장,2023-03-06 9:48,초코라떼 2호 다산점,경기도 시장군수협의회 참석에 따른 수행직원 노고 격려 간식,3,22500,카드,,
7,용인시장,2023-03-06 12:26,강원도 감자옹심이칼국수,전문체육 육성지원 관계자 간담회,6,81000,카드,,
8,용인시장,2023-03-06 16:03,경기용인지역자활센터,내방객 기념품 구입,0,570000,카드,,
9,용인시장,2023-03-08 12:52,궁,관내 공동주택 등 건설관련 민원 처리부서 노고 격려,20,490000,카드,,
10,용인시장,2023-03-08 20:25,미야자키,민선8기 시정정책 공유 및 소통을 위한 주민 설명 간담회,16,409000,카드,,
11,용인시장,2023-03-10 9:56,SSG.COM,내방객 접견 다과등 물품 구입,0,272000,카드,,
12,용인시장,2023-03-10 12:35,남도한상,3월중 오프라인 소통과 공감 참석 공무원 식 대,19,490000,카드,,
13,용인시장,2023-03-10 20:55,바다회관,민선8기 시정정책 공유 및 소통을 위한 주민 설명 간담회,10,251000,카드,,
14,용인시장,2023-03-13 21:28,서울감자탕,전문체육 육성지원 관계자 간담회 식대,10,244000,카드,,
15,용인시장,2023-03-14 12:50,대가원,민선8기 시정정책 공유 및 소통을 위한 주민 설명 간담회,14,378000,카드,,
16,용인시장,2023-03-14 20:35,브이아이피참치 （주）,글로벌 반도체 특화도시 홍보관련 언론관계자와의 간담회,14,401000,카드,,
17,용인시장,2023-03-14,,경조사비 지출,1,50000,현금,,
18,용인시장,2023-03-15 12:34,대성부대고기식당,시 청사 별관 증축공사 준공관련 관계자 회의 식 대,8,120000,카드,,
19,용인시장,2023-03-15 22:49,신야노미야,특례시 행정구역 체제 지역균형 발전방향등 논의 간담회,6,131900,카드,,
20,용인시장,2023-03-15,,경조사비 지출,1,50000,현금,,
21,용인시장,2023-03-16 20:32,고품달,문화 예술인 저변확대 및 지역문화예술 발전방향 협의 간담회,10,235000,카드,,
22,용인시장,2023-03-17 12:47,남도식 당,경기 남부지역 교통상습 정체 해소 시군 업무관계자 회의,12,310000,카드,,
23,용인시장,2023-03-17 19:30,남도한상,문화 예술인 저변확대 및 지역문화예술 발전방향 협의 간담회,10,221000,카드,,
24,용인시장,2023-03-20 12:27,임규비곱창전골맛집,친환경우수농산물 영유아 공공급식 시범사업 추진관련 간담회,10,225000,카드,,
25,용인시장,2023-03-21 21:05,미가성세,문화 예술인 저변확대 및 지역문화예술 발전방향 협의 간담회,10,267600,카드,,
26,용인시장,2023-03-21,,경조사비 지출,1,50000,현금,,
27,용인시장,2023-03-22 12:18,유가네칼국수,지역경제 활성화 추진 간담회 식대,12,164000,카드,,
28,용인시장,2023-03-22 21:03,이가네참숯구이,민선8기 시정정책 공유 및 소통을 위한 주민 설명 간담회,17,470000,카드,,
29,용인시장,2023-03-23 12:55,궁촌커피로스터즈,내방객 접견 다과등 물품 구입,0,115000,카드,,
30,용인시장,2023-03-23 13:12,（주） 소풍,민선8기 시정정책 공유 및 소통을 위한 주민 설명 간담회,15,428000,카드,,
31,용인시장,2023-03-23 18:39,마포옥,글로벌 반도체 특화도시 홍보관련 언론관계자와의 간담회,18,498000,카드,,
32,용인시장,2023-03-23,,경조사비 지출,2,100000,현금,,
33,용인시장,2023-03-24 12:38,궁,민선8기 시정정책 공유 및 소통을 위한 주민 설명 간담회,16,410000,카드,,
34,용인시장,2023-03-24 17:00,경기용인지역자활센터,내방객 기념품 구입,0,585000,카드,,
35,용인시장,2023-03-25 13:18,시골애 낙지볶음,민선8기 공약사업 세부 정책 발굴 기획업무 회의 식대,12,258000,카드,,
36,용인시장,2023-03-27 12:55,해원일식,전문체육 육성지원 관계자 간담회 식대,8,215000,카드,,
37,용인시장,2023-03-27 17:19,운촌갤러리카페,관내 민원발생 현장 방문 수행 직원 노고 격려 간식,2,10000,카드,,
38,용인시장,2023-03-28 12:45,풍천장어마을,민선8기 공약 이행 관련 창의적 정책 발굴 추진을 위한 업무협의 식대,8,212400,카드,,
39,용인시장,2023-03-29 12:53,내린천민물매운탕,지역경제 활성화 추진 간담회 식대,12,279000,카드,,
40,용인시장,2023-03-29 15:17,주식회사 마트킹자파,내방객 접견 다과등 물품 구입,0,350400,카드,,
41,용인시장,2023-03-30 12:45,남도한상,장애인표준사업장 개소식 참석 행사 식대,20,455000,카드,,
42,용인시장,2023-03-30 17:05,SSG.COM,내방객 접견 다과등 물품 구입,0,145830,카드,,
43,용인시장,2023-03-31 12:40,아자아자장어구이,시청 청사 별관 증축 준공 및 사무실 이전 관계자 회의 식대,6,141000,카드,,
44,용인시장,2023-03-31 20:10,일만호백합사브샤브,반도체산업경쟁 력 강화위원회 간담회,46,1354000,카드,,
1,용인시장,2023-04-03 16:00,명랑시대쌀핫도그역북점,온실가스 감축 실천사업 공모 당선부서 노고 격려 간식,28,200000,카드,,
2,용인시장,2023-04-03 16:08,피자마루,경전철 운영 유지보수 관리운영비 절감 부서 노고 격려 간식,13,98000,카드,,
3,용인시장,2023-04-04 20:07,고기원칙 용인역북점,도시계획도로 개설관련 관계자 간담회,12,332000,카드,,
4,용인시장,2023-04-05 12:43,궁,안전한 보육환경 조성방안 회의 식대,10,273000,카드,,
5,용인시장,2023-04-05 15:50,도미노피자 용안점,플랫폼시티 기본협약 협의체결 부서 노고 격려 간식,30,236250,카드,,
6,용인시장,2023-04-06 12:30,임규비급창전골맛집,해외통상 업무추진관련 간담회,12,154000,카드,,
7,용인시장,2023-04-06 20:38,이가네참숯구이,도시계획도로 개설관련 관계자 간담회,12,350000,카드,,
8,용인시장,2023-04-07 12:22,문어로용인역삼점,23년 용인 관광컨텐츠 개발 활성화 업무 협의 식대,7,162000,카드,,
9,용인시장,2023-04-08 12:46,김도연일품밥상 외 1개소,휴일 개최행사 참석 직원 노고 격려 식대 및 간식,8,190500,카드,,
10,용인시장,2023-04-10 20:03,미가성세,민선8기 시정정책 공유 및 소통을 위한 주민 설명 간담회,18,490000,카드,,
11,용인시장,2023-04-10,,경조사비 지출,1,50000,현금,,
12,용인시장,2023-04-11 9:07,SSG.COM,내방객 접견 다과등 물품 구입,0,198780,카드,,
13,용인시장,2023-04-12 12:53,문어로용인역삼점,특례시 행정구역 체제 지역균형발전 논의 간담회,6,125000,카드,,
14,용인시장,2023-04-13 12:32,시장순대,지역경제 활성화 추진 간담회,10,131000,카드,,
15,용인시장,2023-04-13 21:28,우호식 어가,23년 용인 관광컨텐츠 개발 활성화 업무 협의 식대,10,262000,카드,,
16,용인시장,2023-04-14 12:40,주식회사 서울감자탕,민선8기 공약사업 세부 정책발굴 기획업무 회의 식대,5,91000,카드,,
17,용인시장,2023-04-17 12:58,다니엘 스테이크하우스,여성친화도시 조성을 위한 정책 논의 간담회,12,320000,카드,,
18,용인시장,2023-04-17 20:03,원조목살집,전문체육 육성지원 관계자 간담회,8,238000,카드,,
19,용인시장,2023-04-18 12:57,홍복해물,지역문화예술 육성 업무협의 식 대,14,370000,카드,,
20,용인시장,2023-04-18 18:44,칸지고고 죽전점,민선8기 공약사업 세부 정책발굴 기획업무 회의 식대,4,87000,카드,,
21,용인시장,2023-04-19 12:28,사담손만두용인점,로컬푸드 참여 등 농산물 유통관련 업무협의 식 대,8,142000,카드,,
22,용인시장,2023-04-19 13:27,농업회사법인弼술생,내방객 기념품 구입,0,930000,카드,,
23,용인시장,2023-04-19 14:50,양지바른보호작업장,내방객 접견 다과 물품 구입,0,77000,카드,,
24,용인시장,2023-04-19 15:27,어웨이크키친 역북점,인허가 신속 건축허가 처리시스템개선 부서 노고 격려 간식,22,179400,카드,,
25,용인시장,2023-04-19 16:01,피자알볼로 김량장점,저소득가구 주거환경개선 추진부서 노고 격려 간식,18,127000,카드,,
26,용인시장,2023-04-19,,경조사비 지출,2,100000,현금,,
27,용인시장,2023-04-20 12:55,해원일식,청사시설물 효울적 운영관련 관계자 회의 식대,8,215000,카드,,
28,용인시장,2023-04-20 15:40,에그드랍 용인역북점,시민의 날 행사 계획등 추진부서 노고 격려 간식,32,237600,카드,,
29,용인시장,2023-04-20 15:56,비에이치씨 역북점,홈페이지 활용 이용객수 증가등 활성화추진부서 격려 간식,18,150000,카드,,
30,용인시장,2023-04-20 19:32,능라도,반도체 특화도시 구축관련 유관기관 업무협의,12,357000,카드,,
31,용인시장,2023-04-21 20:26,브이아이피 참치 （주）,반도체특화도시 구축 관련 유관기관 업무협의,14,408000,카드,,
32,용인시장,2023-04-22 13:50,차이나타운,용인중앙시장 활성화 추진 행사 관계자 식 대,24,490000,카드,,
33,용인시장,2023-04-23 13:20,궁 외 1개소,휴일 개최행사 수행 직원 노고 격려 식대 및 간식,5,110900,카드,,
34,용인시장,2023-04-26 12:27,곤드레찜드레,문화 예술인 저변확대 및 지역문화예술 발전방향 협의 식대,6,112000,카드,,
35,용인시장,2023-04-26 19:47,소풍 수지점,온라인 시민청원관련 관계자와 소통회의 식대,8,159000,카드,,
36,용인시장,2023-04-26,,경조사비 지출,4,200000,현금,,
37,용인시장,2023-04-27 10:35,농업회사법인弼술샘,내방객 기념품 구입,0,930000,카드,,
38,용인시장,2023-04-27 10:53,경기용인지역자활센터,내방객 기념품 구입,0,420000,카드,,
39,용인시장,2023-04-27 12:38,문어로용인역삼점,민선8기 시정정책 공유 및 소통을 위한 주민 설명 간담회,18,486000,카드,,
40,용인시장,2023-04-27 20:06,소베뉴,상습 교통정체구역 해소 방안 마련 유관기관 업무협의,9,245000,카드,,
41,용인시장,2023-04-28 12:33,춘천원조닭갈비,청사시설물 효율적 운영관련 관계자 회의 식대,7,1,카드,,
42,용인시장,2023-04-28 19:51,락앤웍 （성복점）,민선8기 시정정책 공유 및 소통을 위한 주민 설명 간담회,13,271000,카드,,
43,용인시장,2023-04-29 11:29,타타스베이글 용인유림점,휴일 개최행사 수행직원 노고 격려 간식,10,144200,카드,,
1,용인시장,2023-05-01,,경조사비 지출,1,50000,현금,,
2,용인시장,2023-05-01 11:21,타타스베이글 용인유림점,민원응대 및 일정협의 업무추진 직원 노고 격려,13,207400,카드,,
3,용인시장,2023-05-01 14:20,SSG.COM,내방객 접견 다과등 물품 구입,0,194320,카드,,
4,용인시장,2023-05-01 20:05,왕스덕 판교점,상습 교통정체도로 해소방안 마련 인근시군 업무협의,12,331000,카드,,
5,용인시장,2023-05-02 11:03,맥도날드용인시청 DT 점,언론인터뷰 준비 등 행사추진 직원 노고 격려,8,113300,카드,,
6,용인시장,2023-05-02 21:39,소정풍천민물장어,도시계획도로 개설 관련 관계자 간담회,10,249000,카드,,
7,용인시장,2023-05-03 12:44,연진네토종닭,특례시 행정구역 체제 지역균형 발전방향등 논의 간담회,6,140000,카드,,
8,용인시장,2023-05-03 14:10,（주》다온,내방객 기념품 구입,0,870000,카드,,
9,용인시장,2023-05-04 19:50,명선헌,반도체 특화도시구축관련 유관기관 업무협의 식대,10,287000,카드,,
10,용인시장,2023-05-08 09:47,스타벅스 상암YTN점,YTN언론 인터뷰관련 수행직원 괸외출장 노고 격려 간식,4,24800,카드,,
11,용인시장,2023-05-08 20:20,해원 일식,지역농산물 유통 및 친환경농업 관련 간담회,18,350000,카드,,
12,용인시장,2023-05-09 12:22,남도한상,민선8기 시정정책 공유 및 소통을 위한 주민 설명 간담회,17,425000,카드,,
13,용인시장,2023-05-09 21:08,창고 43,반도체 특화도시구축관련 유관기관 업무협의 식대,14,400000,카드,,
14,용인시장,2023-05-10,,경조사비 지줄,3,150000,현금,,
15,용인시장,2023-05-10 13:29,예당소쿠리밥상 외 1개소,용인중앙시장 도시재생 공모선정관련 예산시장 방문 간담회 식대 및 간식,18,494400,카드,,
16,용인시장,2023-05-10 20:34,몽중헌 판교,성남시 체육대회행사관련 유관기관 업무협의 식대,14,322000,카드,,
17,용인시장,2023-05-11 08:57,새달농원,내방객 기념품구입,0,500000,카드,,
16,용인시장,2023-05-11 12:54,홍복해물,구제역차단 방역대책관련 회의 식대,10,295000,카드,,
19,용인시장,2023-05-11 18:46,다미초밥,경기도 체육대회 참가 추진부서 노고 격려,10,450000,카드,,
20,용인시장,2023-05-12 12:22,진설렁탕,안전한 보육환경 조성방안 회의 식대,6,158000,카드,,
21,용인시장,2023-05-12 18:20,（주》누브티 스,내방객 기념품 구입,0,1825000,카드,,
22,용인시장,2023-05-15,,경조사비 지줄,1,50000,현금,,
23,용인시장,2023-05-15 13:20,본누벨베이커리,22회계년도 통합결산 검사관련 관계자 업무협의 차담비 지출,12,221300,카드,,
24,용인시장,2023-05-15 20:49,고품달 용인역북점,특례시 행정구역 체제 지역균형발전 간담회,12,320000,카드,,
25,용인시장,2023-05-16 12:30,（주） 서울감자탕,민원응대 및 일정협의 업무주진 직원 노고 격려,6,95000,카드,,
26,용인시장,2023-05-17 13:27,용인송화고유통,내방객 기념품 구입,0,870000,카드,,
27,용인시장,2023-05-18 21:06,동백문어,문화 예술인 저변확대 및 지역문화예술 발전방향 논의 간담회,8,239000,카드,,
28,용인시장,2023-05-19 11:55,형근씨갑오징어짬봉,온라인 시민청원관련 주민 소통회의 식대,6,94000,카드,,
29,용인시장,2023-05-21 12:15,김도연일품밥상 외 1개소,휴일 개최행사 수행 직원 노고 격려 식대 및 간식,7,163100,카드,,
30,용인시장,2023-05-22 12:22,봉평메밀막국수,지역교육공동체 구축등 지역특색사업추진 정책 발굴 간담회,8,145500,카드,,
31,용인시장,2023-05-23,,경조사비 지출,3,150000,현금,,
32,용인시장,2023-05-23 12:47,소금,전문체육 육성지원 관계자 간담회 식대,12,313000,카드,,
33,용인시장,2023-05-24 10:00,서울가든호텔,13회 한국의 가장사랑받는 브랜드대상 수상 관계부서 직원 격 려 간식,7,42000,카드,,
34,용인시장,2023-05-24 12:27,덕후선생 광화문점,시정현안관련 유관기관 관계자 업무협의 식대,12,360000,카드,,
35,용인시장,2023-05-24 20:08,함평천지한우장어,원활한 시정현안 소통 및 협 력을 위한 시의회의원 간담회 식대,2,825000,카드,,
36,용인시장,2023-05-25 13:05,알포노 피자,5월 오프라인 소통과공감 참여직원 식대,15,408300,카드,,
37,용인시장,2023-05-25 21:50,삼천포,민선8기 시정정책 공유 및 소통을 위한 주민 설명 간담회 식대,18,4270,카드,,
38,용인시장,2023-05-26 13:12,몽중헌 판교,상습 교통정체도로 해소방안 마련 인근시군 업무협의 식대,15,377000,카드,,
39,용인시장,2023-05-26 21:24,【주》뚝심 센터원점,글로벌 반도체 특화도시 홍보관련 언론관계자와의 간담회 식대,14,376000,카드,,
40,용인시장,2023-05-27 12:48,더차이롯데 프리 미 엄아울랫 기흉역점,용인의 소반 농산물 판로 협약식 체결 추진부서 노고 격려 식대,12,299000,카드,,
41,용인시장,2023-05-31,,경조사비 지줄,1,50000,현금,,
42,용인시장,2023-05-31 12:40,풍천장어마을,해외통상 업무추진관련 간담회 식대,12,215800,카드,,
43,용인시장,2023-05-31 16:46,베스킨라빈스 명지점,경기도 미세먼지 저감평가 최우수 수상부서 노고 격려 간식,25,147600,카드,,
1,용인시장,2023-06-01 12:36,용인우렁각시,민선8기 시정정책 공유 및 소통을 위한 주민 설명 간담회,23,400000,카드,,시책
2,용인시장,2023-06-01 20:44,가득찬,민선8기 시정정책 공유 및 소통을 위한 주민 설명 간담회,15,404000,카드,,시책
3,용인시장,2023-06-02,,경조사비 지출,1,50000,현금,,기관
4,용인시장,2023-06-02 19:27,더이탈리안클럽,글로벌 반도체 특화도시 홍보관련 언론관계자와의 간담회,5,145000,카드,,시책
5,용인시장,2023-06-02 21:05,황가네부대찌개,특례시 행정구역 체제 지역균형 발전방향등 논의 간담회,9,119000,카드,,시책
6,용인시장,2023-06-03 13:44,HOVAN,휴일 개최행사 수행 직원 노고 격려 식대,2,26000,카드,,기관
7,용인시장,2023-06-05 21:29,동백갈비,민선8기 시정정책 공유 및 소통을 위한 주민 설명 간담회,8,204,카드,,시책
8,용인시장,2023-06-06 12:32,꽃피는화덕피자 D485용,6.6 현충일 기 념행사 추진부서 노고 격 려,18,480000,카드,,기관
9,용인시장,2023-06-07,,경조사비 지출,1,50000,현금,,기관
10,용인시장,2023-06-07 12:46,풍천장어마을,민선8기 시정정책 공유 및 소통을 위한 주민 설명 간담회,12,329400,카드,,시책
11,용인시장,2023-06-07 15:41,양지바른보호작업장,내방객 접견 다과 등 물품 구입,0,77000,카드,,시책
12,용인시장,2023-06-07 20:58,박실장회&참치,제5기 5급 승진리더과정 교육생 격려,21,480000,카드,,기관
13,용인시장,2023-06-08 13:09,칼리오페,지역문화예술 육성 업무협의 식대,8,238000,카드,,시책
14,용인시장,2023-06-09 12:48,홍복해물,민선8기 공약 이행 관련 정책 발굴 추진 업무협의 식대,10,244000,카드,,시책
15,용인시장,2023-06-09 21:24,함평천지한우장어,로컬푸드 참여 등 농산물 유통관련 업무협의,12,355500,카드,,시책
16,용인시장,2023-06-10 10:20,타타스베이글 용인유림점,반려동물 문화 축제 행사 추진부서 노고 격려,12,94900,카드,,기관
17,용인시장,2023-06-12 12:54,남도랑,시정현안 추진관련 유관기관 업무협의,8,220000,카드,,기관
18,용인시장,2023-06-12 21:31,파파존스피자 외 1개소,23년 용인시 화랑훈련 추진부서 노고 격려 간식,32,393500,카드,,기관
19,용인시장,2023-06-13 10:45,SSG.COM,내방객 접견 다과 등 물품 구입,0,175940,카드,,시책
20,용인시장,2023-06-13 12:57,궁,상반기 퇴직예정공무원 시정발전 노고 격려 식대,22,480000,카드,,기관
21,용인시장,2023-06-13 20:09,주식회사 대가원 용인,상반기 퇴직예정공무원 시정발전 노고 격려 식대,18,490000,카드,,기관
22,용인시장,2023-06-14,,경조사비 지출,1,50000,현금,,기관
23,용인시장,2023-06-14 11:02,브라더한정식도시락 외 1개소,제1차 정례회 준비 등 직원 노고 격려,14,145400,카드,,기관
24,용인시장,2023-06-14 21:02,동백문어,23년 용인 관광컨텐츠 개발 활성화 업무 협의 식대,8,207000,카드,,시책
25,용인시장,2023-06-15 21:45,방이편백육분삼십역북,온라인 시민청원관련 주민 소통회의 식대,6,93500,카드,,시책
26,용인시장,2023-06-16 12:25,포메인（용인역북점》,해외통상 업무추진관련 간담회 식대,6,126000,카드,,시책
27,용인시장,2023-06-16 15:08,퍼풀러버거,민원응대 및 일정협의 업무추진 직원 노고 격려 간식,3,24600,카드,,기관
28,용인시장,2023-06-17 12:18,로스트앤베이크,용인 곤충페스티벌 행사 수행 직원 노고 격려 식대 및 간식,3,57200,카드,,기관
29,용인시장,2023-06-18 19:48,농업회사법 인 장수한우프라자,관내 축구대회 행사 참석 관계자 식대,20,485000,카드,,시책
30,용인시장,2023-06-19,,경조사비 지출,3,150000,현금,,기관
31,용인시장,2023-06-19 12:33,고쿠텐 역북점,로컬푸드 참여등 농산물 유통관련 업무협의 식대,10,120000,카드,,시책
32,용인시장,2023-06-19 15:15,경기용인지역자활센터,내방객 기념품 구입,0,570000,카드,,시책
33,용인시장,2023-06-19 21:16,한우마당정육,민선8기 시정현안관련 유관기관 업무협의 식대,14,380000,카드,,기관
34,용인시장,2023-06-20 12:04,용인순대집,글로벌 반도체 특화도시 홍보관련 언론관계자와의 간담회,12,216000,카드,,시책
35,용인시장,2023-06-21 21:37,연정,지 역교육공동체 구축등 지 역특색사업추진 정책발굴 간담회,6,160000,카드,,시책
36,용인시장,2023-06-22 11:22,정직유부역북점외 1개소,제1차 정례회 본회의 준비 직원 노고 격려,7,83100,카드,,기관
37,용인시장,2023-06-23 19:35,감골오리 어정직영점,7월 정기인사 추진 등 부서 노고 격려,18,450000,카드,,기관
38,용인시장,2023-06-26,,경조사비 지출,1,50000,현금,,기관
39,용인시장,2023-06-26 10:58,타타스베이글 용인유림점,민관협치위원회 위촉 행사 준비직원 노고 격려,8,136300,카드,,기관
40,용인시장,2023-06-26 11:16,다온,내방객 기념품 구입,0,870000,카드,,시책
41,용인시장,2023-06-26 19:55,매플하우스,민선8기 1주년 언론브리핑 개최 추진부서 노고 격려,25,501000,카드,,기관
42,용인시장,2023-06-27 11:24,햇살머은꼬마김밥 외 ］개소,행사일정 참석등 비서실 직원 노고 격려 배달도시락,8,87000,카드,,기관
43,용인시장,2023-06-27 20:40,동백홈참치,특례시 행정구역 체제 지역균형 발전방향 등 논의 간담회,12,337000,카드,,시책
44,용인시장,2023-06-28 12:53,농업회사 법인 장수한우프라자,도시계획도로 개설관련 협의등 관계자 간담회,12,306000,카드,,시책
45,용인시장,2023-06-28 14:19,（주》이마트용인점,내방객 접견 다과등 물품 구입,0,249960,카드,,시책
46,용인시장,2023-06-28 20:54,죽전등고깃집광김,"•노래하는 대한민국 경 연"" 행사 추진부서 노고 격 려 식대",20,490000,카드,,기관
47,용인시장,2023-06-29,,경조사비 지출,1,50000,현금,,기관
48,용인시장,2023-06-29 12:59,케 렌시 아 (Querencia),안전한 보육환경 조성방안 회의 식대,12,298000,카드,,시책
49,용인시장,2023-06-29 14:24,명랑핫도그,23년 디지털 트윈국토시범사업 공모 당선 부서 노고 격려 간식,25,172000,카드,,기관
50,용인시장,2023-06-29 14:30,도미노피자,읍면동 지역사회보장협의체 운영 장관 표창 수상부서 노고 격려 간식,43,298500,카드,,기관
51,용인시장,2023-06-29 21:53,O|=(ETTE),23년 용인 관광컨텐츠 개발 활성화 업무 협의 식대,11,279000,카드,,시책
52,용인시장,2023-06-30 12:12,용인돌솔설렁탕,교육현안 논의등 관내 고등학교장 간담회,34,374000,카드,,시책
53,용인시장,2023-06-30 16:39,파파존스피자 용인점,23년 사업소 자체종합감사 추진부서 노고 격 려 간식,30,230000,카드,,기관
54,용인시장,2023-06-30 19:01,소풍 수지점,관내 지역 현안 추진 및 동향 파악 등 부서 노고 격려,22,450000,카드,,기관
1,용인시장,2023-07-03 12:49:06,진주옥냉면,민선8기 1주년 업무성과 보고 간부공무원 간담회,42,1138000,카드,,
2,용인시장,2023-07-04 10:40:52,（주》이마트용인점,내 방객 접 견 다과등 물품 구입,0,230940,카드,,
3,용인시장,2023-07-04 11:41:00,농업회사법인（주） 술샘,내방객 기념품구입,0,930000,카드,,
4,용인시장,2023-07-04 12:44:54,이당비스트로 용인점,관내 동향 및 지역현안 추진 직원 격려,19,469000,카드,,
5,용인시장,2023-07-04 14:37:57,（주》누브 티 스,내방객 기념품제작 구입,0,1825000,카드,,
6,용인시장,2023-07-04 20:05:18,（주） 우리소,민선8기 1주년 성과평가 및 지역현안 논의 간담회,18,470000,카드,,
7,용인시장,2023-07-04,,경조사비 지출,1,50000,현금,,
8,용인시장,2023-07-05 12:28:22,궁촌,민선8기 1주년 성과평가 유관기관 간담회,22,490000,카드,,
9,용인시장,2023-07-05 21:12:25,해초락,해외통상 업무추진 관계자 간담회,8,207000,카드,,
10,용인시장,2023-07-06 12:33:23,등지골,구제역 방역대책관련 회의,6,120000,카드,,
11,용인시장,2023-07-07 12:10:58,크리스탈제이드레스토랑,용인첨단 시스템반도체 국가산단 전력공급 대책회의,18,530600,카드,,
12,용인시장,2023-07-07 14:04:08,양지바른보호작업장,내방객 접견 다과등 물품 구입,0,102000,카드,,
13,용인시장,2023-07-10 12:57:22,명선헌,시정홍보 업무추진 중앙언론관계자 간담회,8,222000,카드,,
14,용인시장,2023-07-11 09:19:19,（주》누브티스,내방객 기 념품 제작 구입,0,1825000,카드,,
15,용인시장,2023-07-11 15:38:47,양지바른보호작업장,내방객 기념풍 구입,0,300000,카드,,
16,용인시장,2023-07-11 12:57:19,칼리오페,보육시설 지원 방안 회의,12,340500,카드,,
17,용인시장,2023-07-11 20:07:59,모담,시정동보 업무추진 중앙언론관계자 간담회,15,397000,카드,,
18,용인시장,2023-07-13 12:11:46,한정 덕송씨,"""찾아가는 행복소통 시장실"" 민원 현장방문 출장직원 격려",0,160000,카드,,
19,용인시장,2023-07-14 10:29:28,양지바른보호작업장,내방객 기념품 구입,0,810000,카드,,
20,용인시장,2023-07-14 12:34:07,씨제이푸드빌 （주）,"""YTN 슬기로운 라디오생활'' 출연 관외출장 직원 격려",6,164000,카드,,
21,용인시장,2023-07-17 12:22:03,감자바우,민선8기 공약 이행 관련 정책발굴 업무 협의,8,157000,카드,,
22,용인시장,2023-07-17 13:47:48,양지바른보호작업장,내방객 기념품 구입,0,900000,카드,,
23,용인시장,2023-07-18 19:40:28,참우돈가 （주》,위생적인 조리와 급식 제공 구내식당 직원 격려,18,480000,카드,,
24,용인시장,2023-07-19 12:24:09,투더리밥상,농산물 유통 맞 친환경농업 간담회,10,80000,카드,,
25,용인시장,2023-07-19 13:05:40,다온,내방객 기념품 구입,0,870000,카드,,
26,용인시장,2023-07-19 20:48:45,바다향수산,특례시 행정구역 체제 지역균형발전 간담회,6,139000,카드,,
27,용인시장,2023-07-20 12:44:11,꽃피는화덕피자,특별교부금 예산확보 추진 노고 부서 직원 격 려,19,482500,카드,,
28,용인시장,2023-07-20 15:05:02,양지바른보호작업장,내방객 기념품 구입,0,810000,카드,,
29,용인시장,2023-07-21 09:04:25,SSG.COM,내방객 접견 다과등 물품 구입,0,208140,카드,,
30,용인시장,2023-07-21 13:45:12,칼리오페,스마트 공장개선 홍보 추진 노고 부서 직원 격려,16,364000,카드,,
31,용인시장,2023-07-21 21:01:29,미가성세,민선8기 시정정책 공유 및 소통을 위한 시정정책 간담회,19,485000,카드,,
32,용인시장,2023-07-23 13:28:57,궁,"수해취약지역, 아파트 신축 공사현장 등 휴일 현장점검 직원 격려",18,423000,카드,,
33,용인시장,2023-07-24 08:51:51,키쏘커피,"""TV조선 네트워크 매거진"" 출연 관외 출장 직원 격려",3,21500,카드,,
34,용인시장,2023-07-24 12:28:06,사담손만두용인점,청사시설물의 효율적 운영을 위한 관리업무 협의,8,151000,카드,,
35,용인시장,2023-07-24 20:53:30,칼리오페,부서 보고 및 민원인 방문 면담일정 협의 부서 직원 격려,13,337500,카드,,
36,용인시장,2023-07-25 12:42:08,꽃피는화덕피자,국내외 자매결연 및 고향사랑기부제 추진 노고 부서직원 격려,22,528000,카드,,
37,용인시장,2023-07-25 19:01:48,미가성세,시 민 소통현장 업무추진 협의,15,377000,카드,,
38,용인시장,2023-07-26 10:38:21,경기용인지역자활센터,내방객 기념품 구입,0,400000,카드,,
39,용인시장,2023-07-26 12:53:50,남도식 당,재난대응 관련 유관기관 간담회,12,214000,카드,,
40,용인시장,2023-07-26 21:30:55,에뜨,해외통상 업무추진 관계자 간담회,6,169000,카드,,
41,용인시장,2023-07-27 12:55:49,남도식 당,시정홍보 관련 중앙언론관계자 간담회,12,309000,카드,,
42,용인시장,2023-07-27 17:39:32,다온,내방객 기념품（특산품） 구입,0,870000,카드,,
43,용인시장,2023-07-27 20:22:51,차이나문,속초시 자매결연 협약 체결 추진 노고 부서 직원 격려,34,870000,카드,,
44,용인시장,2023-07-28 12:33:45,엘리펀트빌리지,지역사회보장협의체 운영관련 관계자 회의,8,182900,카드,,
45,용인시장,2023-07-31 12:46:26,고가네,계획적인 도시계휙 추진 관계자 간담회,7,98000,카드,,
46,용인시장,2023-07-31,,경조사비 지출,1,50000,현금,,
1,용인시장,2023-08-01 12:03:31,민속가야밀면,도시계획도로 개설 관련 관계자 간담회,12,194000,카드,,
2,용인시장,2023-08-02,,경조사비,1,50000,현금,,
3,용인시장,2023-08-07 13:02:23,칼리오페,주요 정책수립 관련 유관기관 간담회,34,980000,카드,,
4,용인시장,2023-08-08 12:37:28,동백자작나무,용인미디어센터 개소식 추진 종괄 부서 직원 격려,16,415,카드,,
5,용인시장,2023-08-09 12:41:18,대성부대고기식당,지역사회보장협의체 운영관련 관계자 회의,10,128000,카드,,
6,용인시장,2023-08-09 14:23:56,（주）제이제이퀴진 현대옥상암점,SBSbiz 경제현장 줄연 관련 관외 출장 직원 격려,2,24000,카드,,
7,용인시장,2023-08-09,,경조사비,1,50000,현금,,
8,용인시장,2023-08-11 12:49:01,몽중헌 판교,반도체 특화도시 운영방향 등 시정 홍보 관련 중앙언론관계자 간담회,16,423,카드,,
9,용인시장,2023-08-14 09:15:59,SSG.COM,내방객 접견 다과 등 물품 구입,0,210860,카드,,
10,용인시장,2023-08-14 12:51:05,칼리오페,해외통상 업무추진 관계자 간담회,20,495500,카드,,
11,용인시장,2023-08-14 14:06:10,양지바른보호작업장,내방객 접견 다과등 물품 구입,0,810000,카드,,
12,용인시장,2023-08-14 15:37:19,경기용인지역자활센터,내방객 기념품 구입,0,380000,카드,,
13,용인시장,2023-08-15 12:23:09,진주옥 냉면,제78주년 광복절 경축행사 준비 총괄 추진 노고 부서직원 격려,18,490000,카드,,
14,용인시장,2023-08-16 12:32:04,남도한상,3분기 읍면동장 간담회,32,945000,카드,,
15,용인시장,2023-08-17 12:35:12,칸지고고 죽전점,3분기 읍면동장 간담회,20,600000,카드,,
16,용인시장,2023-08-17,,경조사비,1,50000,현금,,
17,용인시장,2023-08-18 12:33:18,좋구먼반상,특례시 행정구역 체제 지역균형발전 간담회,6,90000,카드,,
18,용인시장,2023-08-18 12:38:35,진주옥냉면,제78주년 광복절 경축행사 준비 총괄 주진 노고 부서직원 격려,17,480000,카드,,
19,용인시장,2023-08-21 07:14:41,맥도날드용인시청 DT 점,23년 을지연습 비상소집 직원 격려,13,88800,카드,,
20,용인시장,2023-08-21 12:20:49,개풍냉면,민선8기 공약이행 관련 정책발굴 업무협의,8,171000,카드,,
21,용인시장,2023-08-21 12:53:24,꽃피는화덕피자,북페스티벌 행사 및 중앙도서관 리모델링 추진 부서 직원 격려,15,344500,카드,,
22,용인시장,2023-08-21,,경조사비,1,50000,현금,,
23,용인시장,2023-08-22 12:30:08,개성집동백점,민선8기 반도제 륵화도시 운영방향 등 시정 홍보 관련 언른관계자 간담회,10,203000,카드,,
24,용인시장,2023-08-22 14:34:23,양지바른보호작업장,내방객 접견 다과 등 물풍 구입,0,77000,카드,,
25,용인시장,2023-08-22 15:08:23,경기용인지역자활센터,내방객 기념품 구입,0,380000,카드,,
26,용인시장,2023-08-23 11:54:08,시로이,신속재난 대응복구 협력 구축 간담회,8,128100,카드,,
27,용인시장,2023-08-23 13:12:39,엉클드파리,용인의 소반 및 시민농장 주진 부서 직원 격려,12,314500,카드,,
28,용인시장,2023-08-23,,경조사비,2,100000,현금,,
29,용인시장,2023-08-24 12:14:33,삼동소바（용인시청점》,지역문화예술 육성 업무협의,15,290000,카드,,
30,용인시장,2023-08-25 13:00:56,케 렌시아,물 재이용 관리계획 변경 환경부 숭인 추진 부서 직원 격 려,15,418000,카드,,
31,용인시장,2023-06-27 13:00:44,김남희한우,가을맞이 어린이상상의 숲 재개관 어린어축제 총괄 부서 직원 격려,8,188000,카드,,
32,용인시장,2023-08-28 12:58:04,꽃피는화덕피자,송탄상수원 보호구역 해제 및 폐기물처리시설 확총 부서 직원 격려,31,646500,카드,,
33,용인시장,2023-08-28 20:52:33,대세박목살,도시계획도로 임시개통 관련 업무추진 간담회,16,437500,카드,,
34,용인시장,2023-08-29 12:22:40,천서리막국수,지역교육공동체 구축 등 교육협 력 간담회,8,126000,카드,,
35,용인시장,2023-08-29 13:07:33,김남희한우,관내 교육기관 업무 협약 관련 간담회,18,497500,카드,,
36,용인시장,2023-09-29 16:41:40,（주》누브티스,내방객 기념품 구입,0,3650000,카드,,
37,용인시장,2023-08-29,,경조사비,2,100000,현금,,
38,용인시장,2023-08-30 09:19:12,SSG.COM,내방객 접견 다과 등 물품 구입,0,193960,카드,,
39,용인시장,2023-08-30 09:52:46,양지바른보호작업장,내방객 기념품 구입,0,810,카드,,
40,용인시장,2023-08-30 11:29:14,타타스베이글 용민유,민원담당공무원 보호 조치 등 애로사항 청취 간담회,8,61900,카드,,
41,용인시장,2023-08-30 20:08:25,본수원갈비 （용인점）,관내 자립준비청년 고총 및 의견청취 간담회,20,488000,카드,,
42,용인시장,2023-08-31 12:53:30,케 런! 시 아《Querencia),민원담당공무원 보호 조치 등 애로사항 청취 직원 간담회,18,471000,카드,,
43,용인시장,2023-08-31 21:07:44,루프 8,적극행정 우수 부서（기홍구청） 간부공무원 격려,20,485000,카드,,
44,용인시장,2023-08-31,,경조사비,3,150000,현금,,
1,용인시장,2023-09-01 12:21:08,본수원갈비 （용인점）,용인아동보호전문기관 개관 10주년 기념행사 부서 직원 격려,29,720000,카드,,
2,용인시장,2023-09-01 12:35:39,사담손만두용인점,장애인 체육생활 지원관련 유관기관 간담회,12,318000,카드,,
3,용인시장,2023-09-01 17:25:20,（주）이마트용인점,2023년 추석명절 현장근무직원 격려 물풍 구입,22,718460,카드,,
4,용인시장,2023-09-02 15:21:14,스타벅스코리아 상하DT점,지석문화제 행사 참석 직원 격려,4,20600,카드,,
5,용인시장,2023-09-04 12:52:20,락앤윅 （성복점》,시정홍보업무주진 간담회,14,395000,카드,,
6,용인시장,2023-09-04,,경조사비,1,50000,현금,,
7,용인시장,2023-09-05 12:53:07,궁,관내 대한노인회 처인구 소속 지회장 간담회,20,490000,카드,,
8,용인시장,2023-09-05 19:57:48,고품달,해외통상 업무 추진 관계자 간담회,13,295500,카드,,
9,용인시장,2023-09-06 12:45:46,동백자작나무,용인시 교통만전협의체 민.관.경 협력방안 간담회,10,217000,카드,,
10,용인시장,2023-09-06 14:23:43,슬로 용인,월드스마트시티 엑스포 참석 출장 직원 격려,4,32300,카드,,
11,용인시장,2023-09-06 19:55:15,미가성세,3분기 읍면동장 간담회,22,485000,카드,,
12,용인시장,2023-09-07 12:50:57,청송본가,관내 대한노인회 기홍구 소속 지회장 간담회,16,425000,카드,,
13,용인시장,2023-09-07 16:29:53,슬로 용인,극동방송 야간행사 참석 수행직원 격려,4,90100,카드,,
14,용인시장,2023-09-07,,경조사비,1,50000,현금,,
15,용인시장,2023-09-08 12:15:41,공리,여성친화도시 조성 정책 논의 간담회,6,116000,카드,,
16,용인시장,2023-09-08 13:06:54,애플하우스,하반기 채용등 인사업무 노고 직원 격려,20,405000,카드,,
17,용인시장,2023-09-08 21:41:20,몽중헌 판교,시정홍보 업무추진 언론관계자 간담회,10,285000,카드,,
18,용인시장,2023-09-09 11:58:34,정직유부역북점,제5회 북페스티벌 행사 참석 직원 격려,8,130900,카드,,
19,용인시장,2023-09-11 12:37:04,꽃피는화덕 피자 D485,3분기 읍면동장 간담회,20,480000,카드,,
20,용인시장,2023-09-11 14:45:31,황간（하》휴게소 보령,지역현안건의 관련 한국도로공사 방문 관외 출장 직원 격려,3,18300,카드,,
21,용인시장,2023-09-12 12:55:44,안동국시 청와정,관내 대한노인회 수지구 소속 지회장 간담회,18,485000,카드,,
22,용인시장,2023-09-12 19:40:04,（주）신세계백화점 경기점,포은아트훌 모노오페라 공연 행사 참석 직원 격려,4,61000,카드,,
23,용인시장,2023-09-13 12:47:15,진주옥냉면,관내 통리장 연합회장 간담회,32,490000,카드,,
24,용인시장,2023-09-13 15:03:30,양지바른보호작업장,내방객 접견 다과 등 물품 구입,0,89000,카드,,
25,용인시장,2023-09-14 13:04:39,개성집동백점,한숲근린공원 개장 추진 노고 직원 격려,21,585000,카드,,
26,용인시장,2023-09-14 21:02:18,중삼프리미엄생고기,청사시설물 관리 업무 관계자 회의,5,96500,카드,,
27,용인시장,2023-09-14,,경조사비,2,100000,현금,,
28,용인시장,2023-09-15 10:31:08,양지바른보호작업장,내방객 기 념품（특산품） 구입,0,810000,카드,,
29,용인시장,2023-09-15 12:56:54,진주옥냉면,제6기 핵심리더과정 6급 장기교육생 격려,35,806000,카드,,
30,용인시장,2023-09-15,,경조사비,2,100000,현금,,
31,용인시장,2023-09-16 12:52:41,해원일식,처인구민 한마음 체육대회 행사 참석 직원 격려,5,94000,카드,,
32,용인시장,2023-09-18 20:56:59,풍미,지역문화예술 육성 관계자 업무 협의,8,190000,카드,,
33,용인시장,2023-09-19 12:39:10,개성집동백점,지역사회보장협의체 운영 관계자 회의,13,258000,카드,,
34,용인시장,2023-09-19 16:54:29,용인송화고,내방객 기념품（특산품） 구입,0,400000,카드,,
35,용인시장,2023-09-19 17:21:37,（주》이 마트용인점,내방객 접견 다과 등 물품 구입,0,189200,카드,,
36,용인시장,2023-09-19 20:33:52,락앤웍 （성복점》,시정홍보 관련 언론관계자 간담회,15,410000,카드,,
37,용인시장,2023-09-20 13:32:50,양지바른보호작업장,내방객 기 념품（특산품） 구입,0,810000,카드,,
38,용인시장,2023-09-20 20:52:12,즐삼프리미엄생고기,지 역경제 활성화 추진 관계자 간담회,8,196400,카드,,
39,용인시장,2023-09-21 11:57:03,수풍정정통중화요리,추석대비 아프리카돼지열병 특별방역 관계자 대책 회의 간담회,6,134000,카드,,
40,용인시장,2023-09-21 13:33:24,후라토식당 역북점,차량등록사업소 청사 이전 개소 준비 노고 직원 격려,18,420000,카드,,
41,용인시장,2023-09-22 10:23:44,햇살머은꼬마김밥,행사 일정관련 수행직원 배달도시락 주문,8,42000,카드,,
42,용인시장,2023-09-22 15:42:57,탐앤탐스 순화동케이지 타워점,2023년 대한민국 지자체 행정대상 수상 시상식 참석 직원 격려,2,10600,카드,,
43,용인시장,2023-09-22 20:26:20,（유》솔로푸드용인점,청사이전 관련 처인구 소관 간부공무원 간담회,19,486000,카드,,
44,용인시장,2023-09-23 19:27:03,드마리스 다이닝,국내외 교류도시 협약 및 환영만찬（출장뷔페） 준비 부서 직원 격려,44,1237000,카드,,
45,용인시장,2023-09-24 11:40:01,유가네칼국수,사이버과학축제，청년페스티벌 주관부서 직원 격려,6,99000,카드,,
46,용인시장,2023-09-25 12:24:32,명현네간장게장칼국수,시정 종합기획 업무회의,8,90000,카드,,
47,용인시장,2023-09-25 13:27:02,SSG.COM,내방객 접견 다과 등 물품 구입（온라인》,0,195380,카드,,
49,용인시장,2023-09-26 11:43:27,농업회사법인 술샘,내방객 기 념품（특산품） 구입,0,930000,카드,,
49,용인시장,2023-09-26 12:39:03,경자국밥,도시계획도로 업무추진 간담회,6,99000,카드,,
50,용인시장,2023-09-26 13:50:06,양지바른보호작업장,내방객 기념품（특산품） 구입,0,810000,카드,,
51,용인시장,2023-09-26 20:43:17,임규비곱창전골맛집,추석대비 아프리카돼지 열병 특별방역관계자 대책회의,15,392000,카드,,
52,용인시장,2023-09-27 18:26:09,모월모일 4PM,야간행사（시네마뮤직콘서트） 참석 직원 격려,6,46600,카드,,
1,용인시장,2023-10-04 12:54:37,꽃피는화덕피자,처인구청 청사이전 논의 간담회,18,340500,카드,,
2,용인시장,2023-10-04 13:53,본도시락용인역북점,추석명절 연휴기간 상황 근무 직원 격려,102,887400,카드,,
3,용인시장,2023-10-05 13:02:13,개성집동백점,시민의 날 및 면계행사 추진 직원 격려,16,436000,카드,,
4,용인시장,2023-10-06 10:56:06,슬로 용인,맹사 일정 관련 수행직원 격려,8,105000,카드,,
5,용인시장,2023-10-07 13:37:26,정직유부역북점,행사 일정 관련 수행직원 격려,5,38300,카드,,
6,용인시장,2023-10-10 13:29:45,칼리오페,지역현안논의 교육청 관계자 간담회,20,585000,카드,,
7,용인시장,2023-10-10,,경조사비,3,150000,현금,,
8,읍인시장,2023-10-10 20:51:31,라퀴진,시정홍보 관련 중앙언론관계자 간담회,14,400000,카드,,
9,용인시장,2023-10-11 13:23:31,김남희한우,노인 맞총 복지 일자리강화 간담회,6,115800,카드,,
10,용인시장,2023-10-11 20:23:38,몽중헌 반포,시정홍보 관련 중앙언론관계자 간담회,12,343400,카드,,
11,용인시장,2023-10-12 13:05:17,나주집 신갈점,지역현안 논의 유관기관 간담회,12,333000,카드,,
12,용인시장,2023-10-12 15:12:32,양지바른보호작업장,내방객 기념품（특산품） 구입,0,1260000,카드,,
13,용인시장,2023-10-12 21:12:23,미가성세,수지구 고기교확장 등 시정 정책 설 명 간담회,21,455400,카드,,
14,용인시장,2023-10-12,,경조사비,1,50000,현금,,
15,용인시장,2023-10-13 11:14:08,정직유부역북점,행사 일정 관련 수행직원 격려,5,44000,카드,,
16,용인시장,2023-10-15 12:59:21,유가네칼국수,행사 일정 관련 수행직원 격려,5,72000,카드,,
17,용인시장,2023-10-16 12:28:00,도도한밥상,농산물 유통 맞 친환경농업 간담회,10,213000,카드,,
18,용인시장,2023-10-16 19:38:32,창고43,시정홍보 업무추진 간담회,5,110000,카드,,
19,용인시장,2023-10-17 13:34:15,칼리오페,반도체국가산단 초기 구축 추진 노고 직원 격려,8,216500,카드,,
20,용인시장,2023-10-17 15:33:28,양지바른보호작업장,내방객 기념품（륵산폼） 구입,0,102000,카드,,
21,용인시장,2023-10-18 12:43:54,순두부마물,여성친화도시 조성 업무협의,15,351000,카드,,
22,용인시장,2023-10-18 17:18:19,샐러디 용인역북점,튀르키예군 6.25 참전행사 참석 수행직원 격려,8,74000,카드,,
24,용인시장,2023-10-19 14:57:33,SSG.COM,내방객 접견 물풍 구입,0,182540,카드,,
25,용인시장,2023-10-19 19:50:26,（주）학성유통,지역현안 논의 유관단체 간담회,17,479000,카드,,
26,용인시장,2023-10-20 12:39:17,《주》서울감자탕,청사시설물 관리업무 협의,8,178000,카드,,
27,용인시장,2023-10-20 14:16:12,파스쿠찌,충남 아산소각시설 현장 방문 수행직원 격려,2,9000,카드,,
28,용인시장,2023-10-20 17:04:34,（주》이마트듬인점,내방객 접견 물품 구입,0,228320,카드,,
29,용인시장,2023-10-22 13:29:43,경자국밥,용인사랑자전거대행진 행사 수행 및 부서 직원 격려,6,80000,카드,,
30,용인시장,2023-10-23 11:54:51,정읍옛날김밥,반도체기업 기술지원협력방안 논의 관외출장 직원 격려,4,62200,카드,,
31,용인시장,2023-10-24 12:49:08,진주옥냉면,신속재난 대응복구 협력 구죽 간담회,15,396000,카드,,
32,용인시장,2023-10-25 12:54:09,（유》슬로푸드용인점,가을철 각종 행사 연계 및 공용차량 운행 운전원 노고 격려,14,26968,카드,,
33,용인시장,2023-10-25 20:04:47,산하복집,민선8기 반도체 특회도시 운영 방향 등 시정 언론관계자 간담회,18,486000,카드,,
34,용인시장,2023-10-25,,경조사비,2,100000,현금,,
35,용인시장,2023-10-26 12:46:07,케 렌시 아 （Querencia》,시정롱보 업무추진 지역 언론관계자 간담회,16,452000,카드,,
36,용인시장,2023-10-26 20:43:31,봄설 용인대점,도시계획도로 개설관련 업무추진 간담회,6,114000,카드,,
37,용인시장,2023-10-27 13:04:40,애플하우스,2024년 본예산 심사 및 편성 추진 노고 직원 격려,16,444500,카드,,
38,용인시장,2023-10-28 13:47:35,밥과함께라면,23년 용인인권문화제 행사 수행 직원 격려,6,75500,카드,,
39,용인시장,2023-10-30 12:59:22,다리원,시 유튜브채널 및 SNS 홍보 활성화 주진 노고 부서 직원 격려,12,358000,카드,,
40,용인시장,2023-10-30 20:44:42,주식회사 풍경한우,지역현안논의 유관기관 간담회,18,483000,카드,,
41,용인시장,2023-10-31 12:50:54,용인우렁각시,2023년 경기도 교통분야 최우수 평가 수상 노고 부서 직원 격려,18,377000,카드,,
42,용인시장,2023-10-31 16:13:00,롯데슈퍼 프리미어용언점,내방객 접견 물품 구입,0,159880,카드,,
1,용인시장,2023-11-01 12:5424,진주옥냉면,주민자치연합회 간담회,35,957000,카드,,
2,용인시장,2023-11-01,,경조사비,3,150000,현금,,
3,용인시장,2023-11-02 12:38:12,연진네토종닭,특례시 행정구역 체제 지역균형발전 간담회,10,198000,카드,,
4,용언시장,2023-11-02 13:09:31,풍천장어 마을,시정홍보 관련 지역언론관계자 간담회,10,257100,카드,,
5,용인시장,2023-11-03 2022:26,몽중헌 판교,시정홍보 관련 지역언론관계자 간담회,10,290000,카드,,
6,용인시장,2023-11-06 12:31:33,광주리들밥,도시계획도로 개설관련 관계자 간담회,6,139000,카드,,
7,용인시장,2023-11-08,,경조사비,4,200000,현금,,
8,용인시장,2023-11-09 12:11:55,삼가정,지역문화예술 육성 업무협의,8,193000,카드,,
9,용인시장,2023-11-13 08:14:42,봉만이,5005번 전세버스투입 방송촬영 관련 수행직원 격려,12,163000,카드,,
10,용인시장,2023-11-13 12:54:47,（유）슬로푸드용인점,2023년 임금협약체결 단체교섭 둥 노고부서직원 격려,16,422840,카드,,
11,용인시장,2023-11-13 19:56:19,정원,특례시 행정구역 체제 지역균형발전 간담회,11,296000,카드,,
12,용인시장,2023-11-14 12:48:56,진주옥냉면,시청사 지하주차장 리모델링 등 시설물유지관리 부서 직원 격려,29,746000,카드,,
13,용인시장,2023-11-14 14:16:55,양지바른보호작업장,내방객 기념품《특산품） 구입,0,810000,카드,,
14,용인시장,2023-11-14 21:19:53,대세박목살,소 럼피스킨병 방역 차단 등 노고부서 직원 격려,17,441400,카드,,
15,용인시장,2023-11-14,,경조사비,1,50000,현금,,
16,용인시장,2023-11-15 13:01:35,케 렌 시아(Querencia),민선8기 공약이행 관련 정책발굴 업무 협의,5,99000,카드,,
17,용인시장,2023-11-15 21:55:31,에 뜨 （ETTE》,시정홍보 관련 지역언론관계자 간담회,12,331000,카드,,
18,용인시장,2023-11-15,,경조사비,2,100000,현금,,
19,용인시장,2023-11-16 10:54:47,농업회사법인（주） 술샘,내방객 기념품（특산품） 구입,0,930000,카드,,
20,용인시장,2023-11-16 13:09:29,칼리오페,UNIST-용인특례시 상호협력 협약체결 관련 간담회,21,604400,카드,,
21,용인시장,2023-11-16 17:20:39,（주） 이마트용인점,내방객 접견 다과 둥 울품 구입,0,411220,카드,,
22,용인시장,2023-11-16 18:54:14,빛고을,시정동보 업무 관련 언론관계자 간담회,16,450000,카드,,
23,용인시장,2023-11-17 12:21:18,밥과함께라면,교육협력 간담회,11,203000,카드,,
24,용인시장,2023-11-17 17:04:16,（주） 이마트용인점,내방객 접견 다과 등 물풍 구입,0,372000,카드,,
25,용인시장,2023-11-17 19:13:44,석수사,민선8기 시정정책 설명 간담회,19,486000,카드,,
26,용인시장,2023-11-20 1123:56,양지바른보호작업장,내방객 접견 다과 등 물품 구입,0,102000,카드,,
27,용인시장,2023-11-20 12:58:59,다리원,지역사회보장협의체 운영 관계자 회의,9,206000,카드,,
26,용인시장,2023-11-20 21:51:41,에뜨 (ETTE),시정 정책 설명 등을 위한 주민 설명 간담회,20,458500,카드,,
29,용인시장,2023-11-22 12:49:08,매풀하우스,10월 별빛야시장 행사 추진 노고 직원 격려,20,495500,카드,,
30,용인시장,2023-11-22 20:54:53,홍복해물,시정 종합기획 업무회의,10,290000,카드,,
31,용인시장,2023-11-22,,경조사비,3,150000,현금,,
32,용인시장,2023-11-23 19:15:22,박실장회&참치,5급 승진리더과정 교육 수료 직원 격려,19,487000,카드,,
33,용인시장,2023-11-24 12:24:33,둘레길보리밥,여성친화도시 조성 업무협의,9,148000,카드,,
34,용인시장,2023-11-24 20:38:07,죽전동고깃집광김,6급 핵심리더과정 교육 수료 직원 격려,26,570000,카드,,
35,용인시장,2023-11-27 15:51:09,SSG.COM,내방객 접견 다과 등 물품 구입,0,194740,카드,,
36,용인시장,2023-11-27 19:52,일광식 당,관내 동향 및 지 역현안 등 유관기관 관계자 간담회,15,170000,카드,,
37,용인시장,2023-11-28 20:01,삼가정,찾아가는 행복소통 시장실 현장방문 소통회의,15,400000,카드,,
38,용인시장,2023-11-28,,경조사비,1,50000,현금,,
39,용인시장,2023-11-29 12:26:31,솔솔우동 용인본점,보육시설 지원 방안 회의,12,158000,카드,,
40,용인시장,2023-11-29 21:16:55,을밀대,시정홍보 관련 언론관계자 간담회,12,341000,카드,,
41,용인시장,2023-11-30 13:01:01,루나리치,경기도 광역교통시설부담금 종합평가 우수부서 직원 격려,23,544900,카드,,
42,용인시장,2023-11-30 19:23:30,돈가네옛날김치돼지찌개,정책발굴 업무협의,7,82000,카드,,
1,용인시장,2023-12-01 11:46:41,햇살머은꼬마김밥（삼,행사일정 수행직원 격려,5,24500,카드,,
2,용인시장,2023-12-01 20:27:57,수진옥,해외통상 업무추진 관계자 간담회,6,120000,카드,,
3,용인시장,2023-12-03 12:56:51,다리원,휴일개최 행사 참여 직원 격려,5,68000,카드,,
4,용인시장,2023-12-04 13:01:10,다리원,지역문화예술 육성 업무협의,8,129000,카드,,
5,용인시장,2023-12-04 19:57,이가네참숯구이,"""찾아가는 행복소통 시장실"" 현장방문 주민 소통회의",12,320000,카드,,
6,용인시장,2023-12-05 09:56:18,경기용인지역자활센터,내방객 기념품（특산품） 구입,0,529000,카드,,
7,용인시장,2023-12-05 11:43:09,크로앙쥬 김량장점,행사 일정 관련 수행직원 격려,10,111500,카드,,
8,용인시장,2023-12-06 12:43:17,다리원,시정 정책 반영 간담회,20,491,카드,,
9,용인시장,2023-12-06 13:39:06,양지바른보호작업장,내방객 기 념품（특산품） 구입,0,1350000,카드,,
10,용인시장,2023-12-06 15:23,순희네빈대떡,청년일자리 창출정책 관련유관기관 업무협의,12,175000,카드,,
11,용인시장,2023-12-06 16:13:53,투성플레이스 수지외식 타운점,관내 행사 참석 수행직원 격려,4,20200,카드,,
12,용인시장,2023-12-07 12:54,무교소호점,스마트경로당 시 범사업 추진 간담회,20,495000,카드,,
13,용인시장,2023-12-07 13:43:03,곤트란쉐리에,관외출장 수행직원 격려,2,9000,카드,,
14,용인시장,2023-12-07 13:49,스타벅스한국프레스센터점,스마트경로당 시범사업 추진 간담회,0,57000,카드,,
15,용인시장,2023-12-08 12:43:37,포레스트오늘숲 처인점,관광자원개발정책관련 간담회,6,128500,카드,,
16,용인시장,2023-12-08 17:06:11,다온,내방객 기념품《특산품） 구입,0,870000,카드,,
17,용인시장,2023-12-09 12:58:18,홍복해물,휴일행사 참석직원 격려,9,242000,카드,,
18,용인시장,2023-12-11 13:00:23,진주목냉면,시청사 방호 현장근무직원 격려,20,531000,카드,,
19,용인시장,2023-12-11 20:08:36,다리원,5급이상 퇴직예정 직원 격려,25,706000,카드,,
20,용인시장,2023-12-12 12:54:52,해원일식,전문체육 육성지원 시책 간담회,10,250000,카드,,
21,용인시장,2023-12-12 14:00:53,양지바른보호작업장,내방객 접견 다과 등 물품 구입,0,101000,카드,,
22,용인시장,2023-12-13 13:20:27,김남희한우,시정 종합기획 업무회의,10,290800,카드,,
23,용인시장,2023-12-13 20:47:11,에뜨 （ETTE》,용인-이천상생협력 업무협약 추진 노고직원 격려,18,476000,카드,,
24,용인시장,2023-12-13,,경조사비,2,100000,현금,,
25,용인시장,2023-12-14 13:14:23,더이탈리안클럽,시정홍보 관련 중앙언론관계자 간담회,12,313000,카드,,
26,용인시장,2023-12-15 09:14:05,SSG.COM,내방객 접견 다과 등 물봉 구입,0,192080,카드,,
27,용인시장,2023-12-15 13:16:57,칼리오페,여성친화도시 및 여성정책 관련 시정 정책 설명 간담회,15,445500,카드,,
28,용인시장,2023-12-15 19:18:46,에뜨 (ETTE),시정 정책 설명 등을 위한 간담회,20,480000,카드,,
29,용인시장,2023-12-18 10:58:37,샐럽스프&그릭요고트,시정 종합기획 업무회의,8,115800,카드,,
30,용인시장,2023-12-18 19:35:59,에뜨 (ETTE),특례시 행정구역 체제 지역균형발전 간담회,20,475000,카드,,
31,용인시장,2023-12-19 20:28:14,돈가네 광교법조타운점,전문체육 육성지원 간담회,10,234000,카드,,
32,용인시장,2023-12-19,,경조사비,1,50000,현금,,
33,용인시장,2023-12-20 12:37,수풍정,시정홍보 지역언론관계자 간담회,16,400000,카드,,
34,용인시장,2023-12-20 13:08:43,칼리오페,교육현안 유관기관 간담회,33,988000,카드,,
35,용인시장,2023-12-20 19:01:33,고기원칙 용인역북점,민선8기 공약 이행 관련 정책발굴 업무협의,15,400000,카드,,
36,용인시장,2023-12-20 20:01:54,개성손만두 수지점,관내행사 수행직원 격려,3,44000,카드,,
37,용인시장,2023-12-20 20:06:31,에뜨 (ETTE),지역문화예술 육성 업무협의,23,487000,카드,,
38,용인시장,2023-12-21 19:03:27,즐삼프리미엄생고기,민선8기 시정정책 설명 등을 위한 간담회,24,495000,카드,,
39,용인시장,2023-12-21 19:04,궁,시정동보 지역언론관계자 간담회,10,248000,카드,,
40,용인시장,2023-12-21,,경조사비,1,50000,현금,,
41,용인시장,2023-12-22 12:06:22,허브로 （HERBR 이,내방객 기 념풍（특산풍） 구입,0,725000,카드,,
42,용언시장,2023-12-22 12:45:36,주식회사 대가원 용인,시정 정책 설명 등을 위한 간담회,20,448000,카드,,
43,용인시장,2023-12-22 19:19,더파티,민선8기 시정평가 소통 및 성과공유 간부공무원 소통 간담회,238,7020000,카드,,
44,용인시장,2023-12-23 10:24:26,슬로 용인,휴일 개최행사 수행직원 격려,5,101400,카드,,
45,용인시장,2023-12-26 13:01:48,문어로용인역삼점,보육시설 지원 방안 회의,8,160000,카드,,
46,용인시장,2023-12-26 18:03,엘리펀트빌리지,계획적인 도시계획 업무 추진 관계자 간담회,8,220000,카드,,
47,용인시장,2023-12-26 19:38,에뜨 （ETTE》,2024년 상반기 정기인사 추진 노고부서 직원 격려,17,435000,카드,,
48,용인시장,2023-12-26 15:30,"도미노피자 용인점, 신갈점，수지점",관내 제설 비상근무 직원 격려,112,1096500,카드,,
49,용인시장,2023-12-27 13:00:15,칼리오페,2023년도 유휴자금 예지 공공예금 이자수입 145억 확보 노고부서 직원 격려,28,740000,카드,,
50,용인시장,2023-12-27 18:49,이가네참숯구이,시정홍보 관련 지역언론관계자 간담회,15,400000,카드,,
51,용인시장,2023-12-27 20:18:20,에뜨 （ETTE》,시정홍보 관련 지역언론관계자 간담회,20,480000,카드,,
52,용인시장,2023-12-28 12:09:10,뼈나라감자탕,장애인단체 지원관련 간담회,0,190000,카드,,
53,용인시장,2023-12-28 19:29:49,막창도둑,시정홍보 관련 지역언론관계자 간담회,12,350000,카드,,
54,용인시장,2023-12-29 10:49:25,양지바른보호작업장,내방객 기념품（특산품） 구입,0,1620000,카드,,
55,용인시장,2023-12-29 11:08:45,（주）누브티스,내방객 기념품（특산품） 구입,0,1679000,카드,,
56,용인시장,2023-12-29,,경조사비,1,50000,현금,,
57,용인시장,2023-12-29 12:12:08,우리네 설렁탕,동백종합복지관 기공식 관계자 간담회,20,490000,카드,,
1,용인시장,2024-01-02 12:49,도노커피 용인시청점,신년 현충탑 참배 참여 간부공무원 격려,29,106600,카드,기관운영비,
2,용인시장,2024-01-02 14:04,도노커피 용인시청점,신년 떡국행사 지원 직원 격려,31,102800,카드,기관운영비,
3,용인시장,2024-01-03 12:52:22,김남희한우,지역현안 및 2024년 시정운영방안 업무협의,6,1,카드,기관운영비,
4,용인시장,2024-01-03 14:36:11,（주）도노커피 용인시,주요현안 직소민원 및 갈등관리 직원 노고 격려 간식,5,25000,카드,기관운영비,
5,용인시장,2024-01-04,,경조사비,1,50000,현금,기관운영비,
6,용인시장,2024-01-04 12:13:00,공원동태섞어탕,"SNS, 손바닥소식 홍보 부서 직원 격려",14,173000,카드,기관운영비,
7,용인시장,2024-01-04 12:30:12,슬로 용인,업무보고 일정 협의 수행직원 격려,10,49900,카드,기관운영비,
8,용인시장,2024-01-04 18:43:16,춘천원조닭갈비,2024년 상반기 정기인사 및 당면업무 추진부서 직원 격려,11,212000,카드,기관운영비,
9,용인시장,2024-01-04 19:22:12,진주옥냉면,2024년 용인특례시 통합방위협의회 신년인사 및 간담회,23,671000,카드,기관운영비,
10,용인시장,2024-01-05 11:03:10,（주》도노커피 용인시청점,청사관리 직원 격려 간식,11,88200,카드,기관운영비,
11,용인시장,2024-01-05 11:03:47,엠에스리테일（주》용인,청사 내 카페 매점 개점에 따른 차담회,28,175600,카드,기관운영비,
12,용인시장,2024-01-05 12:52:20,슬로 용인,2024년 신년 시무식 준비 및 현충탑 참배행사 추진 부서직원 격려,28,520130,카드,기관운영비,
13,용인시장,2024-01-05 21:10:42,에뜨 (ETTE),부속실 일정관리 등 직원 격려,17,470000,카드,기관운영비,
14,용인시장,2024-01-07 21:05:34,일 템포,지역문화예술 육성 업무협의,11,308000,카드,시책추진비,
15,용인시장,2024-01-08,,경조사비,3,150000,현금,기관운영비,
16,용인시장,2024-01-08 08:47:10,（주》도노커피 용인시,신문스크랩 등 언론보고 직원 격려,9,46400,카드,기관운영비,
17,용인시장,2024-01-08 11:58:57,꽃피는화덕피자,일정관리 및 민원 응대 직원 격려,13,290200,카드,기관운영비,
18,용인시장,2024-01-08 12:36:42,칼리오페,정부합동평가수행 및 성과관리 평가운영부서 직원 격려,13,361000,카드,기관운영비,
19,용인시장,2024-01-09 12:55:30,김남희한우,민선8기 발전방향 및 지역현안 논의 유관기관 간담회,10,279000,카드,기관운영비,
20,용인시장,2024-01-10,기홍ICT밸리 스퀘어가든,2024년 신년 언론 브리핑,181,4400000,계좌이체,시책추진비,
21,용인시장,2024-01-10 12:21:28,일광식 당,노인복지 증진 업무협의 식대,8,144000,카드,시책추진비,
22,용인시장,2024-01-10 12:43:29,사바나베이커리,행사 줄장 수행직원 격려,3,35000,카드,기관운영비,
23,용인시장,2024-01-11,,경조사비,1,50000,현금,기관운영비,
24,용인시장,2024-01-11 12:56:23,케 렌시 아 (Querencia),사회적경제기업 인규베이팅 등 밀자리 창줄관련 간담회,13,348000,카드,기관운영비,
25,용인시장,2024-01-12 12:03:40,백리향,업무보고 일정 협의 수행직원 격려,0,187000,카드,기관운영비,
26,용인시장,2024-01-12 20:38:59,에 뜨 （ETTE》,시정 종합기획 업무회의,18,482000,카드,시책추진비,
27,용인시장,2024-01-15 20:27:20,미가성세,시정현안는의 유관기관 업무협의 식대,8,197000,카드,기관운영비,
28,용인시장,2024-01-16 12:50:27,남도한상,민선8기 반도체 특화도시 운영 방향 등 시정홍보 언론관계자 간담회,5,140000,카드,시책추진비,
29,용인시장,2024-01-17 12:58:36,김남희한우,여성친화도시 조성관련 간담회,8,206000,카드,시책추진비,
30,용인시장,2024-01-17 14:27:04,SSG.COM,내방객 접견 다과등 물품 구입,0,201000,카드,기관운영비,
31,용인시장,2024-01-17 21:20:08,옷등,업무보고 일정 협의 수행직원 격려,10,269000,카드,기관운영비,
32,용인시장,2024-01-18,,경조사비,1,50000,현금,기관운영비,
33,용인시장,2024-01-18 12:26:15,석수사,시정홍보 업무추진 회의 식대,7,200000,카드,시책추진비,
34,용인시장,2024-01-19 11:06:17,슬로 용인,내방객 접견 다과등 물품 구입,0,63100,카드,시책추진비,
35,용인시장,2024-01-19 10:05:54,（주）이마트용인점,2024년 설명절 직원 격려 물품 구입,15,462950,카드,기관운영비,
36,듬인시장,2024-01-22 12:50:33,케 렌시 아 (Querenda),지역상황 관리롤 위한 업무협의 식대 지출,10,262000,카드,시책추진비,
37,용인시장,2024-01-22 21:13:29,부라보쪽갈비,도시계획 업무 추진 업무협의 식대,10,220000,카드,시책추진비,
38,용인시장,2024-01-23,용인시청 구내식당,새해맞이 상근직원 업무추진 격려,1000,6000000,계좌이체,기관운영비,
39,용인시장,2024-01-23 12:44:22,대호수산,•CES 2024* 성과와 연계 중소기업 지원 간담회,18,485000,카드,시책추진비,
40,용인시장,2024-01-23 14:08:54,양지바른보호작업장,내방객 접견 다과등 물품 구입,0,102000,카드,기관운영비,
41,용인시장,2024-01-23 19:29:15,원조가시리,민선8기 글로벌 반도체 특화도시 운영방향 등 시정동보 업무추진 회의,10,300000,카드,시책추진비,
42,용인시장,2024-01-23 20:31:25,밥밥디라라,출장 수행 직원 격려,5,104900,카드,기관운영비,
43,용인시장,2024-01-24,,경조사비,1,50000,현금,기관운영비,
44,용인시장,2024-01-24 12:55:30,애플하우스,전화상담 콜센터 직원 격려,18,495000,카드,기관운영비,
45,용인시장,2024-01-24 15:39,도나스데 이,'CES 2024' 용인관 중소기 업 참가 성과 홍보 합동설명회 추진 노고 직원 격려 간식,22,138300,카드,기관운영비,
46,용인시장,2024-01-24 16:51:27,유가네칼국수,업무보고 일정협의 수행 직원 격려,3,18000,카드,기관운영비,
47,용인시장,2024-01-24 16:56:57,마평통닭,업무보고 일정협의 수행 직원 격려,3,32000,카드,기관운영비,
48,용인시장,2024-01-25,,경조사비,1,50000,현금,기관운영비,
49,용인시장,2024-01-25 12:15:03,매플하우스,전화상담 콜센터 직원 격려,13,331000,카드,기관운영비,
50,용인시장,2024-01-25 12:32:54,다리원,일정협의 및 현지줄장 직원 격려,8,163000,카드,기관운영비,
51,용인시장,2024-01-25 16:05,도미노피자 용인점,도시재생 사업 추진 노고 직원 격려 간식,20,135000,카드,기관운영비,
52,용인시장,2024-01-25 19:35:41,주식회사 풍경한우,평생학습도시 추진 직원 노고 격려,18,489000,카드,기관운영비,
53,용인시장,2024-01-26 12:23:15,순두부마을,시정흥보 업무추진 간담회,4,110000,카드,시책추진비,
54,용인시장,2024-01-26 15:43:49,농업회사법인 주식회사,내방객 기념품（특산품） 구입,0,580000,카드,시책추진비,
1,용인시장,2024-02-01 12:44:20,둥지골,민선8기 반도체 특화도시 운영 방향 등 시정홍보 언론관계자 간담회,6,145,카드,시책추진비,
2,용인시장,2024-02-01 12:57:39,매직트리브루어리,공무원 노조와의 단체교섭 및 협약이행 부서 직원 격려,10,276750,카드,기관운영비,
3,용인시장,2024-02-01 19:59:41,（주）올킹,시정 운영발전 시의회 간담회,63,1890000,카드,기관운영비,
4,용인시장,2024-02-02 1236:36,고향보리밥,민선8기 시정홍보관련 온론관계자 업무 협의,8,125000,카드,시책추진비,
5,용인시장,2024-02-02 21:21:41,가득찬,업무일정 협의 및 현지줄장 수행 직원 격려,16,473000,카드,기관운영비,
6,용인시장,2024-02-05 11:23:11,타타스베이글,행사 일정 조을 수행직원 격려,8,109900,카드,기관운영비,
7,용인시장,2024-02-05 20:29:16,춘천원조닭갈비,민선8기 시정홍보관련 언론관계자 업무 협의,4,83000,카드,시책추진비,
8,용인시장,2024-02-06 13:07,시장유통 등 10개소,설 명절 지역경제 활성화 및 사회복지시설 방문 격려물품 구입,0,920500,카드,기관운영비,
9,용인시장,2024-02-06,,2024년 현장근무직원 격려금,1,300000,현금,기관운영비,
10,용인시장,2024-02-07 13:20:50,미젠,용인시 관광자원 홍보를 위한 유관기관 업무협의,10,294000,카드,시책추진비,
11,용인시장,2024-02-07 14:43:42,서브웨이 처인점,CCTV 통합관제센터 근무직원 격려,20,213900,카드,기관운영비,
12,용인시장,2024-02-07,,경조사비,1,50000,현금,기관운영비,
13,용인시장,2024-02-08 10:36:56,용인 청정 farm,내방객 기념품（특산풍） 구입,0,580000,카드,시책추진비,
14,용인시장,2024-02-08 12:36:28,삼성을산（주）에버랜드,푸바오 용인특례시 명예시민 위촉장 수여 관련 직원 격려,18,368800,카드,기관운영비,
15,용인시장,2024-02-08 13:19,（주》올킹,시의원 간담회 및 의정비위원회 심의추진 직원 격려,20,487500,카드,기관운영비,
16,용인시장,2024-02-08 14:55:56,서브웨이 처인점,CCTV 통합관제센터 근무직원 격려,16,171900,카드,기관운영비,
17,용인시장,2024-02-13 12:21:18,주식회사서룡,민선8기 시정흥보관련 언론관계자 업무 협의,10,267000,카드,시책추진비,
18,용인시장,2024-02-13 18:15:28,박실장회&참치,S급 승진리더과정 교육생 격려,16,450000,카드,기관운영비,
19,용인시장,2024-02-13 21:20:52,밥밥디라라,민선8기 시정홍보관련 언론관계자 업무 협의,5,92300,카드,시책추진비,
20,용인시장,2024-02-13,,경조사비,1,50000,현금,기관운영비,
21,용인시장,2024-02-14 13:00:28,미야자키,민선8기 시정홍보관련 언론관계자 업무 협의,4,115000,카드,시책추진비,
22,용인시장,2024-02-14 13:11:29,이교수한정식수원대게,시정홍보 방송촬영 직원 및 관계자 격려,8,160000,카드,시책추진비,
23,용인시장,2024-02-14 13:17:56,아홉색깔농부협동조합,내방객 기념품（특산품） 구입,0,330000,카드,시책추진비,
24,용인시장,2024-02-14 13:41:57,스타벅스 코리아,시정홍보 방송랄영 직원 및 관계자 격려,8,282,카드,시책추진비,
25,용인시장,2024-02-14 15:43:33,본도시락용인역북점,설명절 상황근무 직원 격려,64,640,카드,기관운영비,
26,용인시장,2024-02-14 20:51:48,더그릭,민선8기 시정료보관련 언론관계자 업무 협의,16,480000,카드,시책추진비,
27,용인시장,2024-02-15 11:26:39,또오래분식,행사 일정 조율 수행직원 격려,4,43100,카드,기관운영비,
28,용인시장,2024-02-15 19:55:18,아낙감,민선8기 시정흥보관련 언론관계자 업무 협의,15,411000,카드,시책추진비,
29,용인시장,2024-02-16 12:13:15,브라더한정식도시락,주민소송 관련 관계자 업무협의,10,181000,카드,기관운영비,
30,용인시장,2024-02-16 16:05:37,꽃예술원,관내 몽•서부경찰서장 이•취임 축하화분 구입,4,200000,카드,기관운영비,
31,용인시장,2024-02-17 12:44:23,주식회사 라미르,지역문화예술 발전 업무협의,2,31400,카드,시책추진비,
32,용인시장,2024-02-19 11:24:48,햇살머은꼬마김밥,행사 사전회의 참석 직원 격려,4,21000,카드,기관운영비,
33,용인시장,2024-02-19 19:33:51,매폴하우스,시정현안 공유 및 소통 강화 유관기관 간담회,25,750000,카드,기관운영비,
34,용인시장,2024-02-21,,경조사비,1,50000,현금,기관운영비,
35,용인시장,2024-02-22 06:43:50,RESTAURANTE LA TRAINERA,국제교류 추진 지원 및 협력방안 논의 교민 간담회,8,295176,카드,기관운영비,
37,용인시장,2024-02-23 12:25:30,소담골,용인교육 발전 및 지역 맞춤형 인재양성 관련 교육협력업무 협의,6,90000,카드,시책추진비,
39,용인시장,2024-02-27,,경조사비,2,100000,현금,기관운영비,
40,용인시장,2024-02-28 12:54:15,뜰안매,민선8기 시정흉보관련 언론관계자 업무 협의,4,96000,카드,시책추진비,
41,용인시장,2024-02-29 12:42:13,그대 덕 애,민선8기 시정홍보 관련 언론관계자 협의,4,70000,카드,시책추진비,
1,용인시장,2024-03-01 13:35:29,라플람,제105주년 31절 기념식 행사 지원 직원 격려,26,480000,카드,기관운영비,
2,용인시장,2024-03-04 11:08:35,파더스김밥&카페,행사참석 및 현장출장 수행직원 격려,6,35000,카드,기관운영비,
3,용인시장,2024-03-04 11:27:40,SSG.COM,내방객 접견 다과등 물품 구입,0,190000,카드,시책추진비,
4,용인시장,2024-03-04 14:17:04,양지바른보호작업장,내방객 기념품（특산품） 구입,0,1350000,카드,시책추진비,
5,용인시장,2024-03-04 21:17:38,에뜨 (ETTE),전문체육 육성지원 업무 협의,10,300000,카드,시책추진비,
6,용인시장,2024-03-06 11:00:50,본죽앤비빔밥,행사참석 및 현장출장 수행직원 격려,6,61300,카드,기관운영비,
7,용인시장,2024-03-07 10:48:00,본죽엔비빔밥,행사참석 및 현장출장 수행직원 격려,5,53500,카드,기관운영비,
8,용인시장,2024-03-08 11:05:42,본죽앤비빙밥,행사참석 및 현장출장 수행직원 격려,4,37500,카드,기관운영비,
9,용인시장,2024-03-11 15:36:38,양지바른보호작업장,내방객 기 념품（특산품） 구입,0,1350000,카드,시책추진비,
10,용인시장,2024-03-11 21:01:49,회사랑,민선8기 시정흉보 업무 협의,8,233000,카드,시책추진비,
11,용인시장,2024-03-11,,경조사비,1,50000,현금,기관운영비,
12,용인시장,2024-03-12 12:48:30,몽중헌 판교,민선8기 글로벌 반도체 특화도시 운영 관련 시정흉보 업무 협의,15,440800,카드,시책추진비,
13,용인시장,2024-03-13 11:13:22,이레국수랑총무김밥,행사참석 및 현장출장 수행직원 격려,6,96000,카드,기관운영비,
14,용인시장,2024-03-13 13:05:21,용인청정 farm,내방객 기 념품（특산품） 구입,0,580000,카드,시책추진비,
15,용인시장,2024-03-14 08:32:05,Cafe DROPTOP,광양시 자매결연 협약식 줄장수행 직원 격려,3,15500,카드,기관운영비,
16,용언시장,2024-03-14 20:52:47,몽중헌 판교,시정홍보 관련 업무 협의,13,377400,카드,시책추진비,
17,용인시장,2024-03-15 09:15:32,슬로 용인,행사참석 및 현장줄장 수행직원 격려,3,33900,카드,기관운영비,
18,용인시장,2024-03-15 12:37:57,감자바우,교육협력 업무 협의,10,188000,카드,시책추진비,
19,용인시장,2024-03-15 20:09:57,주식회사 역북회직판,보고일정 조정 및 내방객 응대 직원 격려,6,163000,카드,기관운영비,
20,용인시장,2024-03-16 11:22:54,본도시락용인역북점,2040 용인도시정책추진단 위촉 관련 노고직원 격려,10,100700,카드,기관운영비,
21,용인시장,2024-03-18 13:56:42,양지바른보호작업장,내방객 접견 다과 등 물품 구입,0,102000,카드,시책추진비,
22,용인시장,2024-03-19 13:58:14,용언청정 farm,내방객 기념품（특산품） 구입,0,580000,카드,시책추진비,
23,용인시장,2024-03-19 20:30:26,죽전동고깃집광김,2024년도 공공예금 이자수입 확보 직원 격려,26,470000,카드,기관운영비,
24,용인시장,2024-03-20 12:19:44,이향가든,관광홍보 및 콘텐츠 개발 업무 추진 협의,9,144000,카드,시책추진비,
25,용인시장,2024-03-20 12:51:10,블루상하이,시정흥보 관련 업무협의,6,160000,카드,시책추진비,
26,용인시장,2024-03-20 13:50:04,SSG.COM,내방객 접견 다과 등 물품 구입,0,412000,카드,시책추진비,
27,용인시장,2024-03-21 12:47:50,다리원,시 민 소통현장 업무추진 협의,15,370000,카드,시책추진비,
28,용인시장,2024-03-22 12:58:06,칸지고고 죽전점,시정홍보 관련 업무 협의,12,319000,카드,시책추진비,
29,용인시장,2024-03-22 21:16:09,에 뜨(ETTE),지역현안 관련 관계자 업무 협의,16,480000,카드,시책추진비,
30,용인사장,2024-03-22,,경조사비,1,50000,현금,기관운영비,
31,용인시장,2024-03-23 12:36:18,마녀의 뜰,행사 지원 및 수행직원 격려,7,30300,카드,기관운영비,
32,용인시장,2024-03-25 12:28:35,해원일식,민생토론회 참석자 식대,24,488000,카드,기관운영비,
33,용인시장,2024-03-25 20:36:30,애플하우스,민선8기 반도체 특화도시 운영방향 등 시정홍보 부서 직원 격려,24,489000,카드,기관운영비,
34,용인시장,2024-03-26 11:28:25,사담손만두용인점,행사 참석 수행직원 격려,4,64000,카드,기관운영비,
36,용인시장,2024-03-26 21:03:17,정원,시정홍보 업무 협의,9,261000,카드,시책추진비,
37,용인시장,2024-03-27 12:50:49,라플람,시정종합기획 등 업무협의,8,207000,카드,시책추진비,
38,용인시장,2024-03-27 19:37:30,일광식당,지역상황 및 집단민원 관리 유관기관 업무협의,10,260000,카드,기관운영비,
39,용인시장,2024-03-27 20:08:05,크리스탈제이드,시정홍보 업무 협의,8,213400,카드,시책추진비,
40,용인시장,2024-03-27,,경조사비,2,100000,현금,기관운영비,
41,용인시장,2024-03-28 12:02:30,강를장칼 용인역북점,도시계획도로사업 관련 업무협의,10,123000,카드,시책추진비,
42,용인시장,2024-03-28 12:43:42,칸지고고 죽전점,시정홍보 업무 협의,15,392500,카드,시책추진비,
43,용인시장,2024-03-28 15:00:36,양지바른보호작업장,내방객 기념품（특산품》구입,0,1350000,카드,시책추진비,
44,용인시장,2024-03-29 12:40:24,백리향,GTX 개통식 행사참석 직원 격려,10,146000,카드,기관운영비,
45,용인시장,2024-03-30 12:00:23,카페피아체레,수지구 3-29 만세운동 행사지원 직원 격려,15,394300,카드,기관운영비,
46,용인시장,2024-03-30 20:48:55,칼리오페,지역문화예술 육성 업무 협의,8,215200,카드,시책추진비,
1,용인시장,2024-04-01 09:1335,SSG.COM,내방객 접견 다과 등 물품 구입,0,222000,카드,시책추진비,
2,용민시장,2024-04-01 19:30:27,한우갑 광교점,용인시 지역현안 및 특례시 권한이양 유관기관 업무 협의,9,270000,카드,기관운영비,
3,용인시장,2024-04-02 12:32:26,소마바이네이쳐,반도체 특화도시 및 민선8기 시정홍보 업무 협의,6,175000,카드,시책추진비,
4,용인시장,2024-04-03 11:39:54,부홍각,관광콘텐츠 개발 및 관광홍보 업무 협의,6,115000,카드,시책추진비,
5,용인시장,2024-04-03 12:54:59,（주）분당만강원,경기도 줄입 중앙사 기자단 간담회,29,766000,카드,시책추진비,
6,용인시장,2024-04-04 12:44:57,다리원,국회의원선거 추진 및 자원봉사센터 이전 부서직원 격려,20,495000,카드,기관운영비,
7,용인시장,2024-04-05 12:10:50,명현네간장게장칼국수,정책발굴 업무 협의,6,42000,카드,시책추진비,
8,용인시장,2024-04-05 12:56:32,삼학도광교점,반도체 특화도시 및 민선8기 시정훙보 업무 협의,14,418000,카드,시책추진비,
9,용인시장,2024-04-08 12:41:59,국청송본가 주식회사,기흥장애인복지관 스마트재활센터 개소 담당 부서직원 노고 격려,17,497000,카드,기관운영비,
10,용인시장,2024-04-08,,경조사비,3,150000,현금,기관운영비,
11,용인시장,2024-04-09 12:51:10,애플하우스,용인시 반려동물의 날 기념행사 개최 직원 격려,33,745500,카드,기관운영비,
12,용인시장,2024-04-10 12:12:19,이포막국수,제22대 국회의원 선거업무 담당직원 노고 격려,6,77000,카드,기관운영비,
13,용인시장,2024-04-11 11:36:02,샌두,업무보고 및 행사 수행직원 격려,3,45100,카드,기관운영비,
14,용인시장,2024-04-12 11:17:54,시로이,용인특례시 집단시설 감영관리 역량교육 실시 직원 노고 격려,9,128100,카드,기관운영비,
15,용인시장,2024-04-12 20:22:48,목구멍 용인역북점,농산물 유통관리 및 친환경농업 업무 협의,18,491000,카드,시책추진비,
16,용인시장,2024-04-13 12:38:46,청궁,전문체육 육성지원 업무 협의,10,175000,카드,시책추진비,
17,용인시장,2024-04-14 10:52:04,망스터치（용인역북점）,학생기자단 발대식 행사 수행직원 격려,3,20700,카드,기관운영비,
18,용인시장,2024-04-15 11:23:44,시로이,지역맞증형 인재양성 및 교육협력 업무 협의,12,173800,카드,시책추진비,
19,용인시장,2024-04-16 11:00:13,용인송화고,내방객 기념품（특산품） 구입,0,360000,카드,시책추진비,
20,용인시장,2024-04-16 12:35:18,평안도잡쌀순대,부속실 방문객 접견 및 업무일정 조정 직원 격려,6,95000,카드,기관운영비,
21,용인시장,2024-04-16 20:12:42,칸지고고 죽전점,시정홍보 관련 업무 협의,6,160000,카드,시책추진비,
22,용인시장,2024-04-16,,경조사비,2,100000,현금,기관운영비,
23,용인시장,2024-04-17 12:12:33,본도시락용인역북점,용인국가산단 추진 상생협약식 수행직원 격려,17,1938,카드,기관운영비,
24,용인시장,2024-04-17 14:39:41,경기용인지역자활센터,내방객 기념품（특산품） 구입,0,258000,카드,시책추진비,
25,용인시장,2024-04-17 15:29:30,슬로 용인,업무보고 일정협의 및 행사출장 수행직원 격려,6,39500,카드,기관운영비,
26,용인시장,2024-04-17 16:59:37,도미노피자,국가산단 추진 상생협약 추진 직원 노고 격려,25,147600,카드,기관운영비,
27,용인시장,2024-04-18 12:44:00,슬로 응인,용인청년정책 활성화 방안 간담회,21,375700,카드,기관운영비,
30,용인시장,2024-04-18 16:36:10,복호두,용인스마트관광도시사업 심의준비 직원 노고 격려,15,89000,카드,기관운영비,
28,용인시장,2024-04-18 20:58:16,세비야식 당,반도체특화도시 및 민선8기 시정홍보 업무 협의,17,498000,카드,시책추진비,
29,용인시장,2024-04-18 21:12:23,홍복씨푸드,반도체특화도시 및 민선8기 시정홍보 업무 협의,6,175000,카드,시책추진비,
31,용인시장,2024-04-19 12:05:39,햇살머은꼬마김밥,업무보고 일정 협의 및 행사출장 수행직원 격려,5,47500,카드,기관운영비,
32,용인시장,2024-04-22 09:18:41,엠에스리테일뎌,지구의 날 기념 유관기관 업무 협의,12,2950,카드,기관운영비,
33,용인시장,2024-04-22 11:34:42,영애네꼬마김밥,업무보고 일정 협의 및 행사출장 수행직원 격려,3,21000,카드,기관운영비,
34,용인시장,2024-04-22 12:32:52,차가네손두부,시민 소통현장 업무 협의,8,186000,카드,시책추진비,
35,용인시장,2024-04-22,,경조사비,5,250000,현금,기관운영비,
36,용인시장,2024-04-23 12:47:27,밥과항께라면,제44회 장애인의 날 행사 관련 업무 협의,6,53000,카드,시책추진비,
37,용인시장,2024-04-23 13:01:27,애플하우스,신규공직자 격려,17,421500,카드,기관운영비,
38,용인시장,2024-04-23 16:55:42,도미노피자,용인시 국가산단 추진 상생협약 추진부서 직원 격려,11,70940,카드,기관운영비,
39,용인시장,2024-04-24 15:06:16,파파존스피자 용인점,용인시 공유재산 증대 노고직원 격려,68,416800,카드,기관운영비,
40,용인시장,2024-04-24 19:23:39,대호수산,리싸이클센터 소외계총 세탁기 기부 및 설치행사 지원 직원 격려,12,360,카드,기관운영비,
41,용인시장,2024-04-24,,경조사비,3,150000,현금,기관운영비,
42,용인시장,2024-04-25 12:49:25,평안도잡쌀순대,보육시설 운영 방안 업무 협의,8,129000,카드,시책추진비,
43,용인시장,2024-04-25 12:50:07,김남희한우,제14회 새마을의 날 기념식 행사 및 공동체문화조성 관계자 업무 협의,6,163000,카드,기관운영비,
44,용인시장,2024-04-26 11:24:21,양지바른보호작업장,내방객 접견 다과 등 물품 구입,0,102000,카드,시책추진비,
45,용인시장,2024-04-26 12:45:40,개풍냉면,대한민국 연극제 홍보대사 위촉 및 지역문화예술 육성 업무 협의,10,141000,카드,시책추진비,
46,용인시장,2024-04-27 12:06:25,밥과함께라면,시민참여정원 조성 기념행사 진행 및 안전관리 참여 직원 격려,40,450500,카드,기관운영비,
47,용인시장,2024-04-29 12:20:56,영애네꼬마김밥,외부행사 일정 조정 및 수행직원 격려,6,77000,카드,기관운영비,
48,용인시장,2024-04-30 12:20:21,라보나쿠치나,장애인 일자리 창줄 및 복지사업 관계기관 업무 협의,20,462000,카드,기관운영비,
49,용인시장,2024-04-30 15:00:58,SSG.COM,내방객 접견 다과 등 물품 구입,0,198000,카드,시책추진비,
50,용인시장,2024-04-30 21:18:10,미가성세,시정홍보 업무 협의,16,424100,카드,시책추진비,
1,용인시장,2024-05-01 13:06:15,칼리오페,전문체육 육성지원 업무 협의,12,303400,카드,시책추진비,
2,용인시장,2024-05-02 20:42:26,라그릴스,시민과의 소통간담회 추진부서 직원 격려,24,593200,카드,기관운영비,
3,용인시장,2024-05-03 12:28:11,개성집동백점,반도체 특화도시 및 민선8기 시정홍보 업무 협의,6,115000,카드,시책추진비,
4,용인시장,2024-05-03 12:46:39,더 (THE)615,관내 기업인 등 유관기관 업무협의,19,544000,카드,시책추진비,
5,용인시장,2024-05-03 15:20:28,경기용인지역자활센터,내방객 기 념품（특산품） 구입,0,754000,카드,시책추진비,
6,용인시장,2024-05-03 17:14:38,청오디피케이 （주）,2023년 격무부서 선정부서 직원 격려,495,3343200,카드,기관운영비,
7,용인시장,2024-05-05 12:52:27,다리원,2024 용인어린이상상의 숲 어린이날 특별행사 지원 및 안전관리 직원격려,12,229000,카드,기관운영비,
8,용인시장,2024-05-07 15:52:17,양지바른보호작업장,내방객 기념품（특산품》구입,0,3240000,카드,시책추진비,
9,용인시장,2024-05-07 21:10:43,에뜨 (ETTE),반도체 특화도시 및 민선8기 시정흉보 업무 협의,14,420000,카드,시책추진비,
10,용인시장,2024-05-08 12:40:01,개성집동백점,지역맞중형 인재양성 및 교육협력 업무협의,18,464000,카드,시책추진비,
11,용인시장,2024-05-08,,경조사비,1,50000,현금,기관운영비,
12,용인시장,2024-05-09 12:17:15,경자국밥,해외통상 업무추진 간담회,9,92000,카드,시책추진비,
13,용인시장,2024-05-09 12:43:10,꽃피는화덕피자,신규공직자 격려,22,485200,카드,기관운영비,
14,용인시장,2024-05-10 15:48:37,플바셋 광교엘포트몰,행사 수행직원 격려,4,25400,카드,기관운영비,
15,용인시장,2024-05-11 13:24:41,청송가든,2024 주민자치센터 문화경연대회 개최 관계부서 직원 격려,13,225000,카드,기관운영비,
16,용인시장,2024-05-13 12:47:59,이당비스트로 용인점,지역현안 논의 유관기관 업무협의,12,340000,카드,기관운영비,
17,용인시장,2024-05-13 19:40:57,이향가든,시정 정책 공유 및 소통 간담회,6,150000,카드,시책추진비,
18,용인시장,2024-05-13,,경조사비,4,200000,현금,기관운영비,
19,용인시장,2024-05-16 12:25:50,메이란,지역상황 관리 유관기관 업무협의,8,209000,카드,기관운영비,
20,용인시장,2024-05-16 20:46:06,아낙감,반도체 특화도시 및 민선8기 시정홍보 업무 협의,10,253000,카드,시책추진비,
21,용인시장,2024-05-16,,경조사비,1,50000,현금,기관운영비,
22,용인시장,2024-05-17 12:47:54,프리마베라,장애인단체 및 사회복지행사 관련 업무협의,18,369000,카드,시책추진비,
23,용인시장,2024-05-17 20:08:24,미가성세,직원 소통 활성화를 위한 간담회,36,1055600,카드,기관운영비,
24,용인시장,2024-05-18 12:27:08,다리원,용인시 청소년 어울림마당 개최 지원 직원 격려,14,239000,카드,기관운영비,
25,용인시장,2024-05-20 12:47:06,다리원,시정 정책 설명 등을 위한 유관기관 간담회,31,833000,카드,시책추진비,
26,용인시장,2024-05-20 20:09:36,웃듬,시정홍보 업무 협의,16,465000,카드,시책추진비,
27,용인시장,2024-05-21 09:23:00,용인청정farm,내방객 기념품（특산품） 구입,0,1050000,카드,시책추진비,
28,용인시장,2024-05-21 12:36:55,뼈나라감자탕,지역상황 관리를 위한 유관기관 업무 협의,6,94000,카드,시책추진비,
29,용인시장,2024-05-21 13:12:21,（주》신화케이푸드,전문체육 육성지원 업무 협의,18,492000,카드,시책추진비,
30,용인시장,2024-05-21 16:18:51,더노뱀버라운지,현장확인 및 소통간담회 등 외부행사 수행직원 격려,3,25400,카드,기관운영비,
31,용인시장,2024-05-21,,경조사비,1,50000,현금,기관운영비,
32,용인시장,2024-05-22 10:10:48,영애네꼬마김밥,국가산단 범정부 추진지원단 회의 수행직원 격려,3,21000,카드,기관운영비,
33,용인시장,2024-05-22 12:05:56,《주》제이에스물산,국가산단 범정부 추진지원단 회의 수행직원 격려,3,15000,카드,기관운영비,
34,용인시장,2024-05-22 13:53:03,경기용인지역자활센터,내방객 기념품（특산품） 구입,0,400000,카드,시책추진비,
35,용인시장,2024-05-22 13:53:42,양지바른보호작업장,내방객 기념품（특산품） 구입,0,1350000,카드,시책추진비,
36,용인시장,2024-05-22 20:08:51,시우가든,2024년 5급 승진리 더과정 교육생 격려,18,540000,카드,기관운영비,
37,용인시장,2024-05-23 12:52:38,꽃피는화덕피자,신규공직자 격려,14,360500,카드,기관운영비,
38,용인시장,2024-05-24 13:06:16,다리원,호국보훈의 달 기념행사 및 복지증진 유관기관 업무협의,18,497000,카드,기관운영비,
39,용인시장,2024-05-24 14:03:10,양지바른보호작업장,내방객 접견 다과 둥 물풍 구입,0,104000,카드,시책추진비,
40,용인시장,2024-05-24 20:22:06,삼우정,전문체육 육성지원 업무 협의,14,384000,카드,시책추진비,
41,용인시장,2024-05-27 14:29:45,경기용인지역자활센터,내방객 기념품（특산품） 구입,0,1395000,카드,시책추진비,
42,용인시장,2024-05-27,,경조사비,1,50000,현금,기관운영비,
43,용인시장,2024-05-28 12:32:11,삼가정,관광홍보 업무 추진 협의,10,265000,카드,시책추진비,
44,용인시장,2024-05-28 20:55:35,메이란,반도체 특화도시 및 민선8기 시정홍보 업무 협의,5,143000,카드,시책추진비,
45,용인시장,2024-05-29 11:56:58,칡냉면전문점설봄,시민 소통현장 관계자 업무 협의,18,230000,카드,시책추진비,
46,용인시장,2024-05-30 12:45:12,진주옥냉면,반도체 특화도시 및 민선8기 시정홍보 업무 협의,4,79000,카드,시책추진비,
47,용인시장,2024-05-31 12:39:43,플안애,반도체 특화도시 및 민선8기 시정홍보 업무 협의,3,72000,카드,시책추진비,
1,용인시장,2024-06-02 14:16:01,로스트앤베이크,행사 수행직원 격려,2,13000,카드,기관운영비,
2,용인시장,2024-06-03 09:13:42,SSG.COM,내방객 접견 다과 등 물품 구입,0,208680,카드,시책추진비,
3,용인시장,2024-06-03 13:05:59,홍복해물,반도체 특화도시 및 민선8기 시정홍보 업무 협의,9,244000,카드,시책추진비,
4,용인시장,2024-06-03 21:46:42,라그릴스셀프바베큐,호국보훈행사 추진부서 직원 격려,34,960000,카드,기관운영비,
5,용인시장,2024-06-04 12:3430,（주） 신화푸드,지역상황 및 집단민원 관리 유관기관 업무협의,15,446000,카드,기관운영비,
6,용인시장,2024-06-05 11:35:39,제이플라워카페,제29회 환경의 날 기념식 준비 직원 격려,5,22000,카드,기관운영비,
7,용인시장,2024-06-05 12:49:42,다리원,반도체 특화도시 및 민선8기 시정홍보 업무 협의,7,163000,카드,시책추진비,
8,용인시장,2024-06-05 13:02:01,슬로 용인,내방객 접견 다과 등 물품 구입,0,38000,카드,시책추진비,
9,용인시장,2024-06-05 16:11:48,（주）케머스（정동그집）,대중교통 개선 관련 유관기관 업무협의,10,35000,카드,기관운영비,
10,용인시장,2024-06-05 21:04:56,훌리 데이,도시계획도로 사업 업무 협의,10,267300,카드,시책추진비,
11,용인시장,2024-06-06 11:54:17,꽃피는화덕피자,제69회 현충일 기념행사 추념식 준비부서 직원 격려,18,485000,카드,기관운영비,
12,용인시장,2024-06-07 12:01:54,최고당돈가스 （마북점）,정책발굴 업무협의,10,134000,카드,시책추진비,
13,용인시장,2024-06-07 14:37:20,양지바른보호작업장,내방객 기념품（특산품） 구입,0,540000,카드,시책추진비,
14,용언시장,2024-06-07 13:48:03,꽃예술원,용인서부소방서 개청에 따른 화분 구입,1,50000,카드,기관운영비,
15,용인시장,2024-06-08 14:31:16,스타벅스 코리마,행사 수행직원 격려,4,30400,카드,기관운영비,
16,용인시장,2024-06-08 21:27:28,에뜨 (ETTE),지역문화예술 육성 업무 협의,18,498000,카드,시책추진비,
17,용인시장,2024-06-10 11:33:15,을밀대,반도체 특화도시 및 민선8기 시정홍보 업무 협의,7,162000,카드,시책추진비,
18,용인시장,2024-06-10 12:0326,STEMCOFFEE/스 템 JTBC,반도체 특화도시 및 민선8기 시정홍보 업무 협의,7,28400,카드,시책추진비,
19,용인시장,2024-06-10 13:00:12,동백33 주식회사,시점 종합기획 업무협의,10,249400,카드,시책추진비,
20,용인시장,2024-06-11 16:52:54,명랑시대쌀핫도그,2023회계연도 결산검사 준비 부서직원 격려,25,65000,카드,기관운영비,
21,용인시장,2024-06-11 18:02:34,경성꽈배기,2023회계면도 결산검사 준비 부서직원 격려,25,61500,카드,기관운영비,
22,용인시장,2024-06-11 20:24:57,홀리데이,지역맞춤형 인재양성 관련 교육협력 업무 협의,8,200000,카드,시책추진비,
23,용인시장,2024-06-12 12:04:03,윤씨네,일정조정 및 외부행사 수행직원 격려,3,42000,카드,기관운영비,
24,용인시장,2024-06-12 12:42:51,（주》무름도원,관광홍보 업무 추진 관계자 협의,12,345000,카드,시책추진비,
25,용인시장,2024-06-12 15:18:50,타타스베이글,내방객 접견 다과 등 물품 구입,0,57100,카드,시책추진비,
26,용인시장,2024-06-12 21:11:14,다리원,일정조정 및 외부행사 수행직원 격려,4,76000,카드,기관운영비,
27,용인시장,2024-06-12,,경조사비,1,50000,현금,기관운영비,
28,용인시장,2024-06-13 13:05:49,김남희한우,반도제 특화도시 및 민선8기 시정홍보 업무 협의,12,324000,카드,시책추진비,
29,용인시장,2024-06-13 16:47:03,행복한사과주식회사,2024년 상반기 대한민국 톡례시시장협의회 회의 개최 관계부서 직원 격려,20,600000,카드,기관운영비,
30,용인시장,2024-06-13 20:35:18,로스트포레스트,2024년 상반기 대한민국 특례시시장협의회 업무 협의,30,350000,카드,기관운영비,
31,용인시 장,2024-06-14 12:12:20,보돌미역 광화문 sfc,반도체 특화도시 및 민선8기 시정흥보 업무 협의,4,70000,카드,시책추진비,
32,용인시장,2024-06-14 13:42:46,조원관광진흥（주）,내방객 기념품（특산품》구입,0,159000,카드,시책추진비,
33,용인시장,2024-06-15 12:46:42,메밀래,노인복지관 주말행사 지원부서 직원 격려,10,140000,카드,기관운영비,
34,용인시장,2024-06-17 11:59:59,본도시락용인역북점,유럽한인회 우호교류 및 MOU 체결 유관기관 업무 협의,8,182400,카드,기관운영비,
35,용인시장,2024-06-17 14:33:03,양지바른보호작업장,내방객 기 념품（특산풍） 구입,0,2250000,카드,시책추진비,
36,용인시장,2024-06-17,,경조사비,2,100000,현금,기관운영비,
37,용인시장,2024-06-18 11:59:13,칼리오페,（    지역상황관리 업무협의,3,64500,카드,시책추진비,
38,용인시장,2024-06-18 14:37:15,경기용인지역자활센터,내방객 기념품（특산품） 구입,0,304000,카드,시책추진비,
39,용인시장,2024-06-18 20:17:39,（주》벽제타워펠리스,반도체 특화도시 및 민선8기 시정홍보 업무 협의,16,452000,카드,시책추진비,
40,용인시장,2024-06-18 21:06:07,다리원,도시계획도로 사업 업무 협의,6,141000,카드,시책추진비,
41,용인시장,2024-06-19 12:25:41,황금누롱지돌판오리,농산물 유통관리 및 친환경농업 업무 협의,6,144000,카드,시책추진비,
42,용인시장,2024-06-19 1236:59,（주） 김삼보,행사 수행직원 격려,3,48000,카드,기관운영비,
43,용인시장,2024-06-19 13:26:36,커피빈 이태원몬드리,행사 수행직원 격려,3,13400,카드,기관운영비,
44,용인시장,2024-06-19 20:32:32,짚북태백,시민 소통현장 업무추진 관계자 협의,10,300000,카드,시책추진비,
46,읍인시장,2024-06-20,,경조사비,1,50000,현금,기관운영비,
47,용인시장,2024-06-21 11:58:42,메이란,지역상황 관리 유관기관 업무 협의,3,34000,카드,시책추진비,
48,용인시장,2024-06-21 12:10:23,명주,현장 수행직원 격려,3,27000,카드,기관운영비,
49,용인시장,2024-06-21 14:27:11,경기용인지역자활센터,내방객 기 념품《특산풍） 구입,0,240000,카드,시책추진비,
50,용인시장,2024-06-24 12:42:33,칼리오페,전문체육 육성지원 업무 협의,18,490000,카드,시책추진비,
51,용인시장,2024-06-24 14:16:05,SSG.COM,내방객 접견 다과 등 물품 구입,0,236740,카드,시책추진비,
52,용인시장,2024-06-25 13:1028,더 CTHE》615,여성친화도시 조성 관련 간담회,18,485000,카드,시책추진비,
53,용인시장,2024-06-25 20:07:00,김남희 한우,반도체 특화도시 및 민선8기 시정홍보 업무 협의,16,477000,카드,시책추진비,
54,용인시장,2024-06-26 10:33:53,스타벅스 코리아,현장 수행직원 격려,3,14800,카드,기관운영비,
55,용인시장,2024-06-26 12:47:27,김남희한우,시정 종합기획 업무협의,11,301000,카드,시책추진비,
56,용인시장,2024-06-26 14:43:12,양지바른보호작업장,내방객 기념품（특산품） 구입,0,900000,카드,시책추진비,
57,용인시장,2024-06-26 21:10:49,흉복해물,교육협력 업무협의,6,141000,카드,시책추진비,
58,용인시장,2024-06-26,,경조사비,3,150000,현금,기관운영비,
59,용인시장,2024-06-27 11:24:19,시로이,시민청원 및 갈등관리 조정업무 추진부서 직원 격려,20,290000,카드,기관운영비,
60,용인시장,2024-06-27 18:53:37,꽃예술원,동부경찰서장 취 임 축하화분 구입,1,50000,카드,기관운영비,
61,용인시장,2024-06-28 12:46:42,해원일식,반도체 특화도시 및 민선8기 시정흉보 업무 협의,5,100,카드,시책추진비,
62,용인시장,2024-06-28 13:00:36,김남희한우,용인시 발전 상생협력 방안 유관기관 업무 협의,29,48000,카드,기관운영비,
63,용인시장,2024-06-28 17:17:51,용인청정farm,내방객 기념풍（특산품） 구입,0,1750000,카드,시책추진비,
1,용인시장,2024-07-01 12:09:47,미르포레스트,미르식당 개소 관련 직원 격려,35,245000,카드,기관운영비,
2,용인시장,2024-07-01 14:13:59,양지바른보호작업장,내방객 기념품（특산품） 구입,0,102000,카드,시책추진비,
3,용인시장,2024-07-02,,경조사비,1,50000,현금,기관운영비,
4,용인시장,2024-07-02 12:47:53,이당비스트로 용인점,정책발굴 추진 관련 업무협의,5,149000,카드,시책추진비,
5,용인시장,2024-07-03,,경조사비,1,50000,현금,기관운영비,
6,용인시장,2024-07-03 12:36:16,우리고기마을,지역균형 발전 및 지역상황 관리를 위한 관계자 업무협의,15,427,카드,시책추진비,
7,용인시장,2024-07-03 20:04:14,통복해물,농산물 유통관리 및 친환경농업 업무협의,9,232000,카드,시책추진비,
8,용인시장,2024-07-04 12:16:25,솔솔우동 용인본점,지역경제 활성화 관련 업무협의,5,65000,카드,시책추진비,
9,용인시장,2024-07-04 12:48:36,신갈복집,유관기관 업무협의,12,306000,카드,기관운영비,
10,용인시장,2024-07-05 12:50:39,평안도잡쌀순대 명지,반도체특화도시 및 민선8기 시정홍보 관련 업무협의,4,58000,카드,시책추진비,
11,용인시장,2024-07-05 13:08:44,칼리오페,해외통상 업무추진 간담회,17,496000,카드,시책추진비,
12,용인시장,2024-07-05 19:52:12,풍천장어마율,반도체특화도시 및 민선8기 시정홍보 관련 업무협의,5,144000,카드,시책추진비,
13,용인시장,2024-07-06 11:52:59,더한방삼계탕,7월 정기인사 관련 휴일근무 직원 격려,5,75000,카드,기관운영비,
14,용인시장,2024-07-08 09:05:25,SSG.COM,내방객 접견 다과 등 물품 구입,0,214100,카드,시책추진비,
15,용인시장,2024-07-08 13:09:53,다보스 ST 티丄A,공무원 복무제도 및 조직문화 개선을 위한 간담회,15,441000,카드,기관운영비,
16,용인시장,2024-07-08 14:44:16,양지바른보호작업장,내방객 기념품（특산품） 구입,0,1350000,카드,시책추진비,
17,용인시장,2024-07-08 20:36:01,애플하우스,탄소중립실천 관련 부서 직원 노고 격려,23,680000,카드,기관운영비,
18,용인시장,2024-07-09 12:08:27,신남서문공탕,청사시설물 관리 관련 업무협의,8,156000,카드,시책추진비,
19,용인시장,2024-07-09 21:25:54,에뜨 (ETTE),시정운영 정책개발 관련 업무협의,14,420000,카드,시책추진비,
20,용인시장,2024-07-10 11:48:05,영애네꼬마김밥,외부행사 일정조정 및 수행직원 격려,6,84,카드,기관운영비,
21,용인시장,2024-07-11 11:49:03,정직유부역북점,외부행사 일정조정 및 수행직원 격려,7,88900,카드,기관운영비,
22,용인시장,2024-07-11 16:04:32,도미노피자 용인점,재난관리평가 3년 연속 대통령상 수상에 따른 부서직원 노고 격려,24,300800,카드,기관운영비,
23,용인시장,2024-07-12 12:38:38,다리원,시정통보관련 업무협의,6,163000,카드,시책추진비,
24,용인시장,2024-07-12 15:02:16,이삭토스트,특례시장 정기회의 준비 노고 격려,30,146200,카드,기관운영비,
25,용인시장,2024-07-12 15:54:48,도미노피자 용인점,민선8기 2주년 언론브리핑 준비 격려,30,200000,카드,기관운영비,
26,용인시장,2024-07-15,,경조사비,1,50000,현금,기관운영비,
27,용인시장,2024-07-15 13:08:03,홍복해물,시정 종합계획 추진에 따른 업무협의,10,286000,카드,시책추진비,
28,용인시장,2024-07-15 18:16:12,라보나쿠치나,도시계획도로 사업 업무협의,10,253000,카드,시책추진비,
29,용인시장,2024-07-15 21:03:01,미가성세,보고일정 조정 및 외부밀정 수행직원 노고 격려,16,480000,카드,기관운영비,
30,용인시장,2024-07-16 10:57:33,과일나무,내방객 접견 다과 등 물품 구입,0,126000,카드,시책추진비,
31,용인시장,2024-07-16 11:21:38,슬로 용인,내방객 접견 다과 등 물품 구입,0,100100,카드,시책추진비,
32,용인시장,2024-07-16 16:43:07,톤 (TONN),집중호우 대비 현장점검 수행 직원 격려,9,63,카드,기관운영비,
33,용인시장,2024-07-16 16:46:31,톤 (TONN),집중호우 대비 현장점검 수행 직원 격려,9,25700,카드,기관운영비,
34,용인시장,2024-07-16 16:55:50,톤 (TONN),집중호우 대비 현장점검 수행 직원 격려,9,17400,카드,기관운영비,
35,용인시장,2024-07-16 20:54:24,그대로장작불곰탕,지역문화예술 육성 업무 협의,20,467000,카드,시책추진비,
36,용인시장,2024-07-17 16:11:36,《주》이마트용인점,내방객 접견 다과등 물품 구입,0,120950,카드,시책추진비,
37,용인시장,2024-07-17 19:10:25,진주옥냉면,현장출장 수행직원 격려,3,40000,카드,기관운영비,
38,용인시장,2024-07-18 11:29:30,시로이,시정홍보관련 간담회,23,318500,카드,기관운영비,
39,용인시장,2024-07-18 18:15:10,미가성세,시민 소통현장 업무추진 관련 업무협의,8,226100,카드,시책추진비,
40,용인시장,2024-07-19 12:54:59,칼리오페,시정정책 공유 및 소통을 위한 간담회 참석,18,485000,카드,시책추진비,
41,용인시장,2024-07-20 1 2:11:45,포곡올갱이해장국,수해지역 피해현장점검 및 직원 격려,21,398000,카드,기관운영비,
42,용인시장,2024-07-20 12:46:42,스타벅스 코리아,현장출장 수행직원 격려,5,27000,카드,기관운영비,
43,용인시장,2024-07-22,,경조사비,1,50000,현금,기관운영비,
44,용인시장,2024-07-22 12:26:02,양지설렁탕,소통간담회 관련 직원 격려,47,726000,카드,기관운영비,
45,용인시장,2024-07-22 12:52:17,아이소,현장출장 수행직원 격려,5,59300,카드,기관운영비,
46,용인시장,2024-07-22 19:37:37,산유화,시정홍보 관련 업무협의,13,364000,카드,시책추진비,
47,용인시장,2024-07-23 12:47:35,뜰안애,용민중앙시장 활성화 간담회,27,801000,카드,시책추진비,
48,용인시장,2024-07-23 13:47:50,스타벅스 코리아,현장출장 수행직원 격려,3,17200,카드,기관운영비,
49,용인시장,2024-07-24 10:08:23,영애네꼬마김밥,외부행사에 따른 수행직원 격려,3,35000,카드,기관운영비,
50,용인시장,2024-07-24 21:30:34,아낙감,시정홍보 관련 업무협의,8,236000,카드,시책추진비,
51,용인시장,2024-07-25 12:44:34,일 템포,시정정책 공유 및 소통을 위한 간담회 참석,12,330000,카드,시책추진비,
52,용인시장,2024-07-25 13:12:16,밀 템포,시정정책 공유 및 소통을 위한 간담회 참석,12,12000,카드,시책추진비,
53,용인시장,2024-07-25 14:57:34,양지바른보호작업장,내방객 기념품（특산품》구입,0,1350000,카드,시책추진비,
54,용인시장,2024-07-25 16:59:01,교촌치킨 용인모현점,소통간담회 관련 직원 격려,35,249000,카드,기관운영비,
55,용인시장,2024-07-26 12:16:44,일미만두,자원재활용 추진 업무 노고 격려,13,156000,카드,기관운영비,
56,용인시장,2024-07-26 12:50:30,석수사,주민 현장의견수렴 및 민원소통 관련 업무협의,5,140000,카드,시책추진비,
57,용인시장,2024-07-29 12:19:59,（주》신화푸드,각종 재난예방 시민참여체계 구축 관련 관계자 업무협의,10,264600,카드,시책추진비,
58,용인시장,2024-07-29 20:26:01,애플하우스,대한민국연극제 개최 관련 담당부서 직원 노고 격려,22,627500,카드,기관운영비,
59,용인시장,2024-07-30 12:23:14,시너지베이 （스시환）,외부행사에 따른 수행직원 격려,3,40000,카드,기관운영비,
60,용인시장,2024-07-30 13:17:25,（주）이마트용인점,내방객 접견 다과 등 물품 구입,0,214560,카드,시책추진비,
61,용인시장,2024-07-30 16:18:15,삼성물산（주）에버랜드,홍보 기념품（특산품） 구입,0,50000,카드,시책추진비,
62,용인시장,2024-07-30 14:32:59,배스킨라빈스 용인유,소통간담회 관련 직원 격려,22,200000,카드,기관운영비,
63,용인시장,2024-07-30 19:16:11,봉피양（분당）,시정홍보 관련 업무협의,8,218000,카드,시책추진비,
64,용인시장,2024-07-30 21:24:39,백마왕족보쌈,시정정책 공유 및 소통을 위한 간담회 참석,8,224000,카드,시책추진비,
1,용인시장,2024-08-02 12:51:48,석성산,구제역 백신접종 취약농가 관리방안 관련 관계자 업무협의,5,59000,카드,시책추진비,
2,용인시장,2024-08-02 15:19:49,경기용인지역자활센터,내방객 기념품（특산품》구입,0,805000,카드,시책추진비,
3,용인시장,2024-08-05 09:02:20,SSG.COM,내방객 접견 다과 등 물품 구입,0,243200,카드,시책추진비,
4,용인시장,2024-08-05 15:53:55,배스킨라빈스 용인수지점,소통간담회 성공적 추진에 따른 읍면동 직원 격려,186,821700,카드,기관운영비,
5,용인시장,2024-08-05 17:01:57,경기용인지역자활센터,내방객 기 념 품（특산품） 구입,0,176000,카드,시책추진비,
6,용인시장,2024-08-05 17:04:29,배스킨라빈스 구갈점,소통간담회 성공적 추진에 따른 읍면동 직원 격려,258,1164900,카드,기관운영비,
7,용인시장,2024-03-05 17:42:24,배스킨라빈스 용인명,소통간담회 성공적 추진에 따른 읍면동 직원 격려,233,943800,카드,기관운영비,
8,용인시장,2024-08-05 20:11:20,진주옥냉면,콜센터 상담사 간담회 실시,29,870000,카드,기관운영비,
9,용인시장,2024-08-06 12:16:43,이반쭈꾸미,시정정책 관련 소통을 위한 간담회 실시,6,90000,카드,시책추진비,
10,용인시장,2024-08-12,,경조사비,1,50000,현금,기관운영비,
11,용인시장,2024-08-13 12:33:28,김남희한우,시정종합기획 및 생활밀착형 사업발굴 추진에 따른 업무협의,6,170000,카드,시책추진비,
12,용인시장,2024-08-13 20:57:17,풍천장어마을,시민과 소통하는 적극행정 추진을 위한 업무협의,8,210700,카드,시책추진비,
13,용인시장,2024-08-14 09:59:27,슬로 용인,내방객 접견 다과 등 물품 구입,0,32000,카드,시책추진비,
14,용인시장,2024-08-14 13:00:24,소반애,시정홍보 관련 언론관계자 업무협의,5,104000,카드,시책추진비,
15,용인시장,2024-08-14 10:21:30,몽중헌 판교,시정홍보 관련 언론관계자 업무협의,5,136000,카드,시책추진비,
16,용인시장,2024-08-15 11:37:44,본도시락용인역북점,제79주년 광복절 경축행사 추진 및 부서직원 격려,26,361400,카드,기관운영비,
17,용인시장,2024-08-15 18:47:20,유 （U） 중식당,국가유공자 복지정책 및 시정정책 설명 간담회 실시,10,247500,카드,시책추진비,
18,용인시장,2024-08-16 12:44:39,애플하우스,신규공직자의 원활한 공직생활 격려,18,448000,카드,기관운영비,
19,용인시장,2024-08-17 11:56:58,꽃피는화덕 피자D485,휴일 행사 참석 수행직원 격려,3,67700,카드,기관운영비,
20,용인시장,2024-08-17 15:05:30,주식회사 본누벨,지역현안 및 민원사항 업무협의,3,24000,카드,기관운영비,
21,용인시장,2024-08-17 16:28:09,주식회사 본누벨,지역현안 및 민원사항 업무협의,3,7000,카드,기관운영비,
22,용인시장,2024-08-19,,경조사비,1,50,현금,기관운영비,
23,용인시장,2024-08-19 14:58:13,피크닉 행퍼,주민과 함께하는 소통간담회 준비 직원 노고 격려,14,150000,카드,기관운영비,
24,용인시장,2024-08-19 15:15:39,선비만두역북점,2024년 을지 연습 종합상황 근무자 격 려,350,396000,카드,기관운영비,
26,용인시장,2024-08-20 11:46:30,오성만두분식,2024년 을지 연습 종합상황 근무자 격 려,350,400000,카드,기관운영비,
27,용인시장,2024-08-20 12:51:03,노브랜드버거 용인역북점,2024년 을지 연습 종합상황 근무자 격 려,350,312000,카드,기관운영비,
28,용인시장,2024-08-21 15:18:的,노랑통닭 역북점,2024년 을지연습 종합상황 근무자 격 려,350,444000,카드,기관운영비,
29,용인시장,2024-08-21 15:10:21,노람통닭 역북점,2024년 을지연습 종합상황 근무자 격려,350,444000,카드,기관운영비,
30,용인시장,2024-08-22 13:08:41,정원유통,2024년 을지연습 종합상함 근무자 격려,350,390000,카드,기관운영비,
31,용인시장,2024-08-23 12:29:47,두부마당,청사시설물의 효율적 운영을 위한 관계과 업무협의,4,62000,카드,시책추진비,
32,용인시장,2024-08-26,,경조사비,2,100000,현금,기관운영비,
33,용인시장,2024-08-26 21:05:02,정원,시정홍보 관련 언론관계자 업무협의,10,282000,카드,시책추진비,
34,용인시장,2024-08-27 12:17:42,사담손만두용인점,가축전염 병 방역 관련 관계자 업무협의,6,124000,카드,시책추진비,
35,용언시장,2024-08-28 12:33:47,이가네김사부,해외통상 및 첨단산업 수출업무 관련 관계자 업무협의,7,112000,카드,시책추진비,
36,용인시장,2024-08-28 19:55:29,다리원,시정정책 공유 및 소통을 위한 관계자 업무협의,8,181000,카드,시책추진비,
37,용인시장,2024-08-29 12:32:54,택이네조개전골,농산물 유통관리 및 친환경농업 홍보 관련 관계자 업무협의,4,56000,카드,시책추진비,
38,용인시장,2024-08-29 15:14:41,양지바른보호작업장,내방객 기념품（특산품） 구입,0,2250000,카드,시책추진비,
39,용인시장,2024-08-30 12:20:00,다리원,시정정책 공유 및 소통을 위한 관계자 업무협의,5,136000,카드,시책추진비,
40,용인시장,2024-08-30 12:38:14,카페 옛176,시정홍보관련 간담회 실시,15,327700,카드,기관운영비,
41,용인시장,2024-08-31 20:45:10,애플하우스,지역문화예술 육성을 위한 간담회 실시,23,636500,카드,시책추진비,
1,용인시장,2024-09-02 10:11:55,슬로 용인,내방객 접견 다과 등 물품 구입,1,119100,카드,시책추진비,
2,용인시장,2024-09-02 15:10:59,SSG.COM,내방객 접견 다과 등 물품 구입,1,206920,카드,시책추진비,
3,용인시장,2024-09-02 16:42:55,샐러디 용인역북점,내방객 접견 다과 등 물품 구입,1,57000,카드,시책추진비,
4,용인시장,2024-09-03 11:07:48,포케올데이용인역북점,업무보고조정 및 수행직원 격려,7,109200,카드,기관운영비,
5,용인시장,2024-09-03 20:01:34,아낙감,시정홍보 관련 언론관계자 업무협의,4,105000,카드,시책추진비,
6,용인시장,2024-09-04 11:26:44,트루바이,오후일정 수행직원 격려,9,119800,카드,기관운영비,
7,용인시장,2024-09-04 14:33:12,양지바른보호작업장,내방객 접견 다과 등 물품 구입,1,148000,카드,시책추진비,
8,용인시장,2024-09-05 12:09:53,소바랑,도로개설 및 도시계획도로 업무추진 관련 업무협의,8,123000,카드,시책추진비,
9,용인시장,2024-09-05 12:36:43,이당비스트로 용인점,재난예방 시민참여체계 구축을 위한 유관기관 업무협의,10,286000,카드,시책추진비,
10,용인시장,2024-09-06,,경조사비,1,50000,현금,,
11,용인시장,2024-09-06 10:54:31,샌두,사회복지의날 행사 및 외부행사 수행직원 격려,10,157600,카드,기관운영비,
12,용인시장,2024-09-06 17:27:14,（주）이마트용인점,추석명절 사기진작 격려물품 구입,46,1715000,카드,기관운영비,
13,용인시장,2024-09-06 19:09:48,양지리가마솥해장국,저녁행사 수행직원 격려,2,26000,카드,기관운영비,
14,용인시장,2024-09-07 11:12:48,타타스베이글,휴일행사 수행직원 격려,3,30000,카드,기관운영비,
15,용인시장,2024-09-07 14:37:24,영애네꼬마김밥,휴일행사 수행직원 격려,3,35000,카드,기관운영비,
16,용인시장,2024-09-09 12:31:31,콩마당손두부,농산물 유통관리 및 친환경농업 관련 업무협의,6,120000,카드,기관운영비,
17,용인시장,2024-09-09 12:47:31,처인옥 정육점,시정정책 설명 및 공유를 위한 소통 간담회 실시,12,305000,카드,시책추진비,
18,용인시장,2024-09-09 20:27:27,락앤웍（성복점）,시정홍보 관련 언론관계자 업무협의,6,162000,카드,기관운영비,
19,용인시장,2024-09-10 14:26:04,나래강정,추석명절 사회복지시설 방문 격려물품 구입,1,10000,카드,기관운영비,
20,용인시장,2024-09-10 14:26:54,세종지엔씨,추석명절 사회복지시설 방문 격려물품 구입,1,40000,카드,기관운영비,
21,용인시장,2024-09-10 14:30:15,혜미식품,추석명절 사회복지시설 방문 격려물품 구입,1,30000,카드,기관운영비,
22,용인시장,2024-09-10 14:30:55,부부야채,추석명절 사회복지시설 방문 격려물품 구입,1,30000,카드,기관운영비,
22,용인시장,2024-09-10 14:36:11,용인떡집,추석명절 사회복지시설 방문 격려물품 구입,1,50000,카드,기관운영비,
23,용인시장,2024-09-10 14:42:09,민속전집,추석명절 사회복지시설 방문 격려물품 구입,1,50000,카드,기관운영비,
24,용인시장,2024-09-10 14:46:01,장수순대,추석명절 사회복지시설 방문 격려물품 구입,1,150000,카드,기관운영비,
25,용인시장,2024-09-10 14:48:29,소영건어물,추석명절 사회복지시설 방문 격려물품 구입,1,150000,카드,기관운영비,
26,용인시장,2024-09-10 14:49:10,승엘림치킨,추석명절 사회복지시설 방문 격려물품 구입,1,200000,카드,기관운영비,
27,용인시장,2024-09-10 14:51:09,（주） 지엠푸드,추석명절 사회복지시설 방문 격려물품 구입,1,50000,카드,기관운영비,
28,용인시장,2024-09-10 15:25:21,용인떡집,추석명절 사회복지시설 방문 격려물품 구입,1,200000,카드,기관운영비,
29,용인시장,2024-09-10 15:26:56,맛뜰（용인강정）,추석명절 사회복지시설 방문 격려물품 구입,1,100000,카드,기관운영비,
30,용인시장,2024-09-10 15:28:39,신흥정육점,추석명절 사회복지시설 방문 격려물품 구입,1,250000,카드,기관운영비,
31,용인시장,2024-09-10 15:34:33,이레과일,추석명절 사회복지시설 방문 격려물품 구입,1,300000,카드,기관운영비,
32,용인시장,2024-09-10 20:57:10,홍복해물,시정홍보 관련 언론관계자 업무협의,4,106000,카드,시책추진비,
33,용인시장,2024-09-11,,경조사비,1,50000,현금,기관운영비,
34,용인시장,2024-09-11 12:44:18,백채김치찌개,보육사업 지원을 위한 관계자 업무협의,6,81000,카드,시책추진비,
35,용인시장,2024-09-11 12:49:04,라보나쿠지나,신규공직자 공직생활 격려,18,386000,카드,기관운영비,
36,용인시장,2024-09-11 13:22:56,스타벅스 코리아,관외행사 출장에 따른 수행직원 격려,3,14700,카드,기관운영비,
37,용인시장,2024-09-11 14:09:18,양지바른보호작업장,내방객 기념품（특산품） 구입,1,1663200,카드,시책추진비,
38,용인시장,2024-09-11 20:47:17,우호식어가,지역문화행사 개최 관련 관계자 업무협의,5,131000,카드,시책추진비,
39,용인시장,2024-09-12 11:31:33,슬로우캘리 용인역북,내방객 접대 및 일정조정 직원 격려,7,139000,카드,기관운영비,
40,용인시장,2024-09-12 13:47:40,아흡색깔농부협동조합,내방객 기념품（특산품） 구입,1,220000,카드,시책추진비,
41,용인시장,2024-09-12 13:51:45,정원유통（정일11번）,내방객 접견 다과 등 물품 구입,1,280000,카드,시책추진비,
42,용인시장,2024-09-12 19:54:56,로얄피그,도시계획 업무추진 관련 관계자 업무협의,16,474000,카드,시책추진비,
43,용인시장,2024-09-12 21:22:30,스시을,시정 정책설명 등을 위한 간담회 실시,7,192000,카드,시책추진비,
44,용인시장,2024-09-13 11:59:45,백리향,내방객 접대 및 현장출장 수행직원 격려,8,125000,카드,기관운영비,
45,용인시장,2024-09-13 12:35:22,풀오브(Full of),내방객 접대 및 현장출장 수행직원 격려,8,32000,카드,기관운영비,
46,용인시장,2024-09-19 11:41:08,인피펍（인생피자）,내방객 접대 및 수행직원 격려,8,166600,카드,기관운영비,
47,용인시장,2024-09-19 15:13:35,SSG.COM,내방객 접견 다과 등 물품 구입,1,196280,카드,시책추진비,
48,용인시장,2024-09-19 15:53:15,본도시락용인역북점,추석명절 상황실 근무자 격려,81,826200,카드,기관운영비,
49,용인시장,2024-09-20 12:32:18,플레이트416,경기도지사기 공무원 친선체육대회 동행 수행직원 격려,9,245000,카드,기관운영비,
50,용인시장,2024-09-21 12:49:00,홍복해물,전국노래자랑 행사지원 직원 격려,20,425000,카드,기관운영비,
51,용인시장,2024-09-21 21:25:50,처인옥 정육점,별당마켓 오픈행사지원 직원 격려,18,495000,카드,기관운영비,
52,용인시장,2024-09-22 13:26:09,더(THE)615,흥덕어울림 한마당 행사지원 직원 격려,23,360000,카드,기관운영비,
53,용인시장,2024-09-23 09:48:46,슬로 용인,지역 맞춤형 인재양성 및 교육현안 논의 관련 관계자 업무협의,12,116800,카드,시책추진비,
54,용인시장,2024-09-23 12:19:24,주식회사 명선헌명가,시정홍보 관련 언론관계자 업무협의,12,480000,카드,기관운영비,
55,용인시장,2024-09-23 15:36:19,정원유통（정일11번）,공무원 직장동호회 체육대회 추진 관련 관계부서 직원 격려,40,290000,카드,기관운영비,
56,용인시장,2024-09-23 18:19:55,허브로(HERBRO),내방객 기념품（특산품） 구입,1,1050000,카드,시책추진비,
57,용인시장,2024-09-24,,경조사비,1,50000,현금,기관운영비,
58,용인시장,2024-09-24 10:25:09,농업회사법인（주） 술샘,내방객 기념품（특산품） 구입,1,620000,카드,시책추진비,
59,용인시장,2024-09-24 12:52:08,안동국시 청와정,지역 맞춤형 인재양성 및 교육현안 논의 관련 관계자 업무협의,14,231000,카드,시책추진비,
60,용인시장,2024-09-25 15:08:43,양지바른보호작업장,내방객 기념품（특산품） 구입,1,900000,카드,시책추진비,
61,용인시장,2024-09-25 20:36:57,제줏간 용인역북점,용인 동서지역 균형발전 및 지역상황 관리 관련 관계자 업무협의,10,273100,카드,시책추진비,
62,용인시장,2024-09-26,,,2,100000,현금,기관운영비,
63,용인시장,2024-09-26 21:24:24,홍복해물,가축전염병 백신예방접종 관련 관계자 업무협의,8,234000,카드,시책추진비,
64,용인시장,2024-09-27,,2024년 현장근무직원 격려금,1,300000,현금,기관운영비,
65,용인시장,2024-09-27 12:58:35,칼리오페,시정운영발전을 위한 간담회 개최,31,1300000,카드,기관운영비,
66,용인시장,2024-09-27 16:40:00,밥과함께라면 용인시,외부일정 수행직원 격려,3,26500,카드,기관운영비,
67,용인시장,2024-09-28 09:37:04,타타스베이글 용인유림,수지나눔문화축제 행사지원 및 촬영협조 직원 격려,9,74200,카드,기관운영비,
68,용인시장,2024-09-28 10:16:50,슬로 용인,수지나눔문화축제 행사지원 및 촬영협조 직원 격려,9,43300,카드,기관운영비,
69,용인시장,2024-09-28 20:44:27,주식회사 드마리스에이,제29회 용인시민의 날 교류도시 초청 환영 만찬,52,2430000,카드,기관운영비,
70,용인시장,2024-09-30,,경조사비,3,150000,현금,기관운영비,
71,용인시장,2024-09-30 12:38:50,홍익돈까스,외부일정 수행직원 격려,2,27000,카드,기관운영비,
72,용인시장,2024-09-30 12:46:43,동백궁,초등학교 학부모 간담회 개최 부서 직원 격려,9,130000,카드,기관운영비,
73,용인시장,2024-09-30 12:52:05,시골애 낙지볶음,현장의견 수렴 및 민원소통을 위한 관계자 업무협의,7,128000,카드,시책추진비,
74,용인시장,2024-09-30 12:56:48,카페브라운,현장의견 수렴 및 민원소통을 위한 관계자 업무협의,7,53500,카드,시책추진비,
75,용인시장,2024-09-30 20:41:24,시우가든,2024년 제9기 5급 승진리더과정 등 교육참여 직원 격려,15,748000,카드,기관운영비,
1,용인시장,2024-10-01 13:11:24,석성산,장애인 정책사업 설명에 따른 장애인단체 관계자 간담회 실시,19,600000,카드,시책추진비,
2,용인시장,2024-10-02 09:49:03,제이앤제이카페앤바,내방객 기념품（특산품） 구입,1,950000,카드,시책추진비,
3,용인시장,2024-10-02 10:19:02,（주）이마트용인점,내방객 기념품（특산품） 구입,1,90000,카드,시책추진비,
4,용인시장,2024-10-02 12:49:14,청송본가,3개구 노인회지회 관계자 간담회 실시,13,580000,카드,시책추진비,
5,용인시장,2024-10-02 12:58:09,재벌집,업무추진 및 생활밀착형 사업발굴 관련 관계자 업무협의,8,221000,카드,시책추진비,
6,용인시장,2024-10-02 13:51:56,양지바른보호작업장,내방객 기념품（특산품） 구입,1,1350000,카드,시책추진비,
7,용인시장,2024-10-02 16:46:42,카멜리아,외부일정 수행 직원 격려,7,83400,카드,기관운영비,
8,용인시장,2024-10-03 10:27:12,슬로 용인,휴일행사 수행직원 격려,5,56000,카드,기관운영비,
9,용인시장,2024-10-05 11:46:01,스타벅스 코리아,북페스티벌 행사 관련 관계부서 직원 격려,25,143700,카드,기관운영비,
10,용인시장,2024-10-06 11:12:29,슬로 용인,휴일행사 수행직원 격려,3,24000,카드,기관운영비,
11,용인시장,2024-10-07 11:45:21,본도시락용인역북점,외부일정 수행직원 격려 식대,5,69500,카드,기관운영비,
12,용인시장,2024-10-08 12:32:03,이향가든,관내기업 해외시장 개적 업무추진 관련 관계자 업무협의,10,208000,카드,시책추진비,
13,용인시장,2024-10-10,,경조사비,1,50000,현금,기관운영비,
14,용인시장,2024-10-10 12:32:14,경자국밥,가축전염병 발생에 따른 방역 관련 관계자 업무협의,10,103000,카드,시책추진비,
15,용인시장,2024-10-10 13:16:17,호접몽,6급 장기교육생 애로사항 청취 및 격려,33,1315000,카드,기관운영비,
16,용인시장,2024-10-10 13:35:34,(Kirotti)기로띠,출장 및 주말행사 수행에 따른 직원 격려,3,23000,카드,기관운영비,
17,용인시장,2024-10-10 20:50:20,대원생고기전문점,농산물 유통관리 및 친환경농업 관련 관련 관계자 업무협의,8,230000,카드,시책추진비,
18,용인시장,2024-10-11 11:25:50,슬로 용인,외부행사 및 출장수행 직원 격려,3,39600,카드,기관운영비,
19,용인시장,2024-10-11 21:34:06,맛나새,중앙시장 별빛마당 야시장 개최 및 활성화 방안 관련 관계자 업무협의,22,480000,카드,시책추진비,
20,용인시장,2024-10-12 13:26:10,스타벅스 코리아,출장 및 주말행사 수행에 따른 직원 격려,3,16400,카드,기관운영비,
21,용인시장,2024-10-13 21:14:33,몽중헌 판교,물사랑 운동본부 환경정화행사 관련 직원 격려,12,284700,카드,기관운영비,
22,용인시장,2024-10-14,,경조사비,1,50000,현금,기관운영비,
23,용인시장,2024-10-14 12:20:58,송도갈비,외부행사 및 출장수행 직원 격려,2,34000,카드,기관운영비,
24,용인시장,2024-10-14 12:41:07,죽전긴자,지역 균형발전 및 지역상황 관리를 위한 관계자 업무협의,3,80000,카드,시책추진비,
25,용인시장,2024-10-14 13:12:19,엠에스리테일（주）용인,내방객 접견 다과 등 물품 구입,1,196800,카드,시책추진비,
26,용인시장,2024-10-14 20:30:51,아낙감,반도체특화도시 및 민선8기 시정홍보관련 관계자 업무협의,12,470000,카드,기관운영비,
27,용인시장,2024-10-15 12:57:31,다리원,시정정책 공유 및 소통을 위한 간담회 실시,18,485000,카드,시책추진비,
28,용인시장,2024-10-16 11:53:34,샐러디 용인역북점,외부행사 및 출장수행 직원 격려,5,50400,카드,기관운영비,
29,용인시장,2024-10-16 13:50:50,양지바른보호작업장,내방객 기념품（특산품） 구입,1,1350000,카드,시책추진비,
30,용인시장,2024-10-17 11:11:32,본도시락용인역북점,2025년도 본예산 중간보고회 관련 관계부서 직원 노고 격려,13,187200,카드,기관운영비,
31,용인시장,2024-10-18 11:52:27,부흥각,도시계획도로 업무추진 관련 관계자 업무협의,5,78000,카드,시책추진비,
32,용인시장,2024-10-21,,경조사비,2,100000,현금,기관운영비,
33,용인시장,2024-10-22,,경조사비,2,100000,현금,기관운영비,
34,용인시장,2024-10-22 20:04:32,㈜케이버홈스（운베마루）,업무보고 일정 조율 및 수행 등 직원 노고 격려,12,350000,카드,기관운영비,
35,용인시장,2024-10-23,,경조사비,1,50000,현금,기관운영비,
36,용인시장,2024-10-24,,경조사비,1,50000,현금,기관운영비,
37,용인시장,2024-10-28,,경조사비,2,100000,현금,기관운영비,
38,용인시장,2024-10-29 12:22:09,도도한 밥상,시정정책 공유 및 소통을 위한 간담회 실시,8,160000,카드,시책추진비,
39,용인시장,2024-10-30,,경조사비,1,50000,현금,기관운영비,
40,용인시장,2024-10-31 12:59:14,백리향,지역간 보육격차 해소방안 논의를 위한 관계자 업무협의,7,114000,카드,시책추진비,
1,용인시장,2024-11-01 09:12:55,폴바셋,용인특례시 홍보를 위한 방송출연 관외출장 수행직원 격려,3,30000,카드,기관운영비,
2,용인시장,2024-11-01 09:33:38,폴바셋,용인특례시 홍보를 위한 방송출연 관외출장 수행직원 격려,3,4700,카드,기관운영비,
3,용인시장,2024-11-01 12:17:28,삼미당막국수,청사시설물의 효율적 관리 및 운영을 위한 관계자 업무협의,4,67000,카드,시책추진비,
4,용인시장,2024-11-01 12:43:53,홍복해물,지역문화 예술발전 및 육성업무 관련 관계자 업무협의,8,316000,카드,시책추진비,
5,용인시장,2024-11-02 12:43:20,밥과함께라면,드림스타트 아동뮤지컬 행사 관련 휴일업무지원 관계부서 직원 격려,17,138000,카드,기관운영비,
6,용인시장,2024-11-04,-,경조사비,4,200000,현금,기관운영비,
7,용인시장,2024-11-04 09:18:37,SSG.COM,내방객 접견 다과 등 물품 구입,1,195790,카드,시책추진비,
8,용인시장,2024-11-04 12:46:55,맛나새,시정 정책설명 및 건의사항 수렴을 위한 주민간담회 실시,10,125000,카드,시책추진비,
9,용인시장,2024-11-04 21:39:44,O CZ 읏 듬,농산물유통 및 친환경농업 추진과 미래농업 발전방향 모색을 위한 간담회 개최,20,687000,카드,시책추진비,
10,용인시장,2024-11-05,-,경조사비,1,50000,현금,기관운영비,
11,용인시장,2024-11-05 10:25:14,밥과함께라면 용인시,내방객 접견 직원 노고 격려,4,26500,카드,기관운영비,
12,용인시장,2024-11-06 10:40:36,포케올데이용인역북점,외부행사 일정 수행직원 노고 격려,11,171600,카드,기관운영비,
13,용인시장,2024-11-07 12:29:15,무네미골,반도체도시 도시계획업무 추진 관련 업무관계자 업무협의,5,75000,카드,시책추진비,
14,용인시장,2024-11-07 12:43:32,석성산,반도체특화도시 및 민선8기 시정홍보관련 언론관계자 업무협의,12,326000,카드,기관운영비,
15,용인시장,2024-11-08 12:44:09,슬로 용인,내방객 접견 다과 등 물품 구입,1,50000,카드,시책추진비,
16,용인시장,2024-11-08 20:27:38,60계용인역북점,소상공인 해외시장 개척 및 투자지원 관련 관계자 업무협의,6,168300,카드,시책추진비,
17,용인시장,2024-11-08 20:31:59,딘타이펑 강남지점,반도체특화도시 및 민선8기 시정홍보관련 언론관계자 업무협의,10,460000,카드,기관운영비,
18,용인시장,2024-11-09 10:33:35,슬로 용인,휴일 청년봉사단 성과보고회 등 참석에 따른 수행직원 격려,4,28100,카드,기관운영비,
19,용인시장,2024-11-09 10:33:38,슬로 용인,휴일 청년봉사단 성과보고회 등 참석에 따른 수행직원 격려,4,8000,카드,기관운영비,
20,용인시장,2024-11-09 13:41:56,전주명가콩나물국밥,휴일 청년봉사단 성과보고회 등 참석에 따른 수행직원 격려,10,80000,카드,기관운영비,
21,용인시장,2024-11-09 20:19:25,석성산,휴일 공연행사 지원 및 수행에 따른 소속 상근직원 격려,15,316000,카드,기관운영비,
22,용인시장,2024-11-11,-,경조사비,1,50000,현금,기관운영비,
23,용인시장,2024-11-11 11:34:08,하노이의 아침 & PUB,YTN 방송출연 관련 수행직원 격려,6,116500,카드,기관운영비,
24,용인시장,2024-11-11 12:41:58,（주） 커피빈코리아,도시사-시장군수 정책간담회 참석 관련 수행직원 격려,3,17900,카드,기관운영비,
25,용인시장,2024-11-11 21:07:52,에뜨(ETTE),시정정책설명 및 공유를 위한 간담회 실시,12,480000,카드,시책추진비,
26,용인시장,2024-11-12 10:59:58,영애네꼬마김밥,내방객 접견 직원 노고 격려,4,38500,카드,기관운영비,
27,용인시장,2024-11-12 20:17:55,홍복해물,여성친화도시 조성 및 정책형성 교육 관련 관계자 업무협의,4,106000,카드,시책추진비,
28,용인시장,2024-11-14 12:33:01,슬로가든,용인시 도시계획도로 사업 추진 관련 관계자 업무협의,15,253000,카드,시책추진비,
29,용인시장,2024-11-14 12:33:07,슬로마켓 용인,용인시 도시계획도로 사업 추진 관련 관계자 업무협의,15,69000,카드,시책추진비,
30,용인시장,2024-11-14 12:59:21,몽중헌 판교,반도체특화도시 및 민선8기 시정홍보관련 언론관계자 업무협의,10,383400,카드,기관운영비,
31,용인시장,2024-11-14 15:05:24,슬로 용인,외부행사 일정 수행직원 노고 격려,3,30200,카드,기관운영비,
32,용인시장,2024-11-14 19:25:07,주식회사 미가훠귀,지역균형 발전방향 등 지역상황관리를 위한 관계자 업무협의,15,460000,카드,시책추진비,
33,용인시장,2024-11-15 09:45:36,（주）곤트란쉐리에,외부출장 수행직원 격려,3,40000,카드,기관운영비,
34,용인시장,2024-11-15 12:21:35,선봉부대찌개막국수,원활한 시민소통 업무추진을 위한 관계자 업무협의,6,80000,카드,시책추진비,
35,용인시장,2024-11-18 12:51:18,콤마,지역사회복지증진 및 사회서비스 관련 관계자 업무협의,18,437500,카드,시책추진비,
36,용인시장,2024-11-19 12:44:07,늘화덕피자,지역문화예술 및 문화예술인 육성을 위한 관계자 업무협의,10,247000,카드,시책추진비,
37,용인시장,2024-11-19 12:51:29,이태리부엌,아동복지 및 보육사업지원을 위한 관계자 업무협의,18,496000,카드,시책추진비,
38,용인시장,2024-11-19 16:52:38,SSG.COM,내방객 접견 다과 등 물품 구입,1,242240,카드,시책추진비,
39,용인시장,2024-11-19 20:01:55,박실장회&참치,2024년 제11기 5급 승진리더과정 등 교육과정 참여 직원 격려,15,590000,카드,기관운영비,
40,용인시장,2024-11-20 12:47:54,다리원,반도체특화도시 및 민선8기 시정홍보관련 언론관계자 업무협의,15,362000,카드,기관운영비,
41,용인시장,2024-11-20 13:08:48,해원일식,각종 재난예방체계 구축을 위한 관계자 업무협의,4,80000,카드,시책추진비,
42,용인시장,2024-11-20 15:54:52,반올림피자샵,경안천 수변구역 해제 지정에 따른 환경국 직원 노고 격려,48,300000,카드,기관운영비,
43,용인시장,2024-11-20 15:55:15,반올림피자샵,경안천 수변구역 해제 지정에 따른 환경국 직원 노고 격려,49,279900,카드,기관운영비,
44,용인시장,2024-11-20 21:05:51,부어치킨 용인시청점,가축전염병 예방 방역관련 관계자 업무협의,15,450000,카드,시책추진비,
45,용인시장,2024-11-21 12:43:31,석성산,용인시 시정정책 설명 및 공유를 위한 간담회 실시,20,408000,카드,시책추진비,
46,용인시장,2024-11-22 11:18:21,맘스피자,동림공공하수처리시설 환경부 승인 관련 하수도사업소 직원 노고 격려,13,107300,카드,기관운영비,
47,용인시장,2024-11-22 12:29:35,（주）이마트죽전점,동림공공하수처리시설 환경부 승인 관련 하수도사업소 직원 노고 격려,19,8140,카드,기관운영비,
48,용인시장,2024-11-22 12:37:23,동백33 ㈜코페이,지역균형 발전방향 등 지역상황관리를 위한 관계자 업무협의,8,354100,카드,시책추진비,
49,용인시장,2024-11-22 15:32:46,도미노피자,동림공공하수처리시설 환경부 승인 관련 하수도사업소 직원 노고 격려,15,122500,카드,기관운영비,
50,용인시장,2024-11-22 15:48:31,프랭크버거 용인죽전,동림공공하수처리시설 환경부 승인 관련 하수도사업소 직원 노고 격려,19,127100,카드,기관운영비,
51,용인시장,2024-11-22 15:53:02,프랭크버거 용인포곡점,동림공공하수처리시설 환경부 승인 관련 하수도사업소 직원 노고 격려,28,197600,카드,기관운영비,
52,용인시장,2024-11-22 20:17:05,（주）학성유통,행정타운 시설물 공사 및 효율적 청사관리를 위한 관계자 업무협의,9,333000,카드,시책추진비,
53,용인시장,2024-11-23 11:43:20,슬로 용인,휴일행사 지원 및 수행에 따른 소속 상근직원 격려,5,76000,카드,기관운영비,
54,용인시장,2024-11-25 12:43:50,처인옥 정육식당,관-군 통합방위태세 협력 강화 및 관내 예비군 관계관 오찬 간담회 개최,54,1350000,카드,기관운영비,
55,용인시장,2024-11-25 20:11:53,라플람,본예산 및 시정현안 사항 공유 및 협력강화를 위한 간담회 실시,33,1120000,카드,기관운영비,
56,용인시장,2024-11-26 12:34:53,연지한정식,용인시 생활밀착형 사업 발굴 및 시정종합기획 추진 업무협의,12,420000,카드,시책추진비,
57,용인시장,2024-11-26 13:44:04,스타벅스 코리아,문화혁신 포럼 참석 관외출장 수행직원 격려,7,24000,카드,기관운영비,
58,용인시장,2024-11-26 13:50:30,스타벅스 코리아,문화혁신 포럼 참석 관외출장 수행직원 격려,7,9000,카드,기관운영비,
59,용인시장,2024-11-26 14:02:36,양지바른보호작업장,내방객 접견 다과 등 물품 구입,1,104000,카드,시책추진비,
60,용인시장,2024-11-26 20:53:40,（BHC）비에이치씨 역북,용인시 생활체육 및 전문체육 육성지원을 위한 관계자 업무협의,4,79500,카드,시책추진비,
61,용인시장,2024-11-27 09:07:45,（주）도노커피 용인시,주요업무 및 현안사항 보고 간부공무원 간담회 실시,21,55500,카드,기관운영비,
62,용인시장,2024-11-27 10:54:54,양지바른보호작업장,내방객 기념품（특산품） 구입,1,1170000,카드,시책추진비,
63,용인시장,2024-11-27 11:06:25,영애네꼬마김밥,외부출장 및 근무시간외 행사수행 직원 격려,6,84000,카드,기관운영비,
64,용인시장,2024-11-28 12:28:39,우리네 설렁탕,대설 관련 제설작업 실시에 따른 직원 격려,33,330000,카드,기관운영비,
65,용인시장,2024-11-28 12:47:44,호두당 용인동백점,대설 관련 제설작업 실시에 따른 직원 격려,33,100000,카드,기관운영비,
66,용인시장,2024-11-28 13:59:56,주식회사 마트킹자파,대설에 따른 비상 및 제설작업에 따른 3개 구청 적환장 근무자 격려,1,244980,카드,기관운영비,
67,용인시장,2024-11-28 14:18:14,알파문구（기흥）,대설에 따른 비상 및 제설작업에 따른 3개 구청 적환장 근무자 격려,1,250000,카드,기관운영비,
68,용인시장,2024-11-28 19:56:12,홍복해물,용인시 관광자원 발굴 및 관광홍보 업무추진 관련 관계자업무협의,6,170000,카드,시책추진비,
69,용인시장,2024-11-28 20:53:30,우사 광교점,반도체특화도시 및 민선8기 시정홍보 관련 언론관계자 업무협의,8,394000,카드,기관운영비,
70,용인시장,2024-11-29 17:05:41,다리원,외부출장 및 근무시간외 행사수행 직원 격려,8,127000,카드,기관운영비,
71,용인시장,2024-11-29 17:09:15,지에스 더 프레시（GS,대설에 따른 비상 및 제설작업에 따른 3개 구청 적환장 근무자 격려,1,245760,카드,기관운영비,
72,용인시장,2024-11-30 13:06:38,밥과함께라면 용인시,휴일 개최행사 수행에 따른 직원 격려,3,25000,카드,기관운영비,
1,용인시장,2024-12-02 09:53:30,스타벅스 코리아,방송 출연에 따른 관외출장 수행 직원 격려,2,10200,카드,기관운영비,
2,용인시장,2024-12-02 12:28:36,평안도잡쌀순대 명지,반도체특화도시 및 민선8기 시정홍보관련 언론관계자 업무협의,5,68000,카드,기관운영비,
3,용인시장,2024-12-02 12:54:04,인칸토,방송 출연에 따른 관외출장 수행 직원 격려,7,200000,카드,기관운영비,
4,용인시장,2024-12-03 12:36:32,153포인츠부대찌개명,폭설 등 겨울철 각종 재난예방체계 구축을 위한 관계자 업무협의,10,110000,카드,시책추진비,
5,용인시장,2024-12-03 20:56:19,무궁화주택,시정현안 홍보를 위한 언론관계자 업무협의,4,108300,카드,기관운영비,
6,용인시장,2024-12-04,,경조사비,1,50000,현금,기관운영비,
7,용인시장,2024-12-04 12:54:04,석성산,농산물 유통 홍보를 위한 관계자 업무협의,22,429500,카드,시책추진비,
8,용인시장,2024-12-04 17:49:24,사담손만두용인점,소관사항 업무보고 관련 수행 직원 격려,3,40000,카드,기관운영비,
9,용인시장,2024-12-04 18:44:31,홍복해물,폭설에 따른 재해복구 관련 시정정책 설명 및 공유를 위한 관계자 업무협의,18,460000,카드,시책추진비,
10,용인시장,2024-12-05 08:36:49,봉만이,전국철도노조 총파업에 따른 대중교통 현장점검 수행직원 격려,18,180000,카드,기관운영비,
11,용인시장,2024-12-05 12:53:46,김남희한우,생활밀착형 사업 추진을 위한 관계자 업무협의,7,261000,카드,시책추진비,
12,용인시장,2024-12-06 12:24:43,강릉남매막국수,지역경제 활성화 운영방안에 대한 관계자 업무협의,14,126000,카드,시책추진비,
13,용인시장,2024-12-07 12:35:21,경복궁개성손만두,휴일 개최되는 행사지원 및 수행 소속 직원 격려,10,110000,카드,기관운영비,
14,용인시장,2024-12-09 09:28:35,SSG.COM,내방객 접견을 위한 다과 등 물품구입,1,219940,카드,시책추진비,
15,용인시장,2024-12-09 12:53:04,이당비스트로 용인점,지역사회복지증진 관련 지역사회서비스 기능 강화를 위한 관계자와의 업무협의,10,343000,카드,시책추진비,
16,용인시장,2024-12-10,,경조사비,1,50000,현금,기관운영비,
17,용인시장,2024-12-10 12:27:58,등궁염소탕,용인시 관광자원 개발 및 관광홍보 활성화를 위한 관계자 업무협의,4,66000,카드,시책추진비,
18,용인시장,2024-12-10 12:44:29,차이797 청계천점,시정현안 홍보를 위한 언론관계자 업무협의,10,408500,카드,기관운영비,
19,용인시장,2024-12-10 20:46:41,도하스,보육사업 지원을 위한 관계자 업무협의,10,307000,카드,시책추진비,
20,용인시장,2024-12-11 10:10:47,엠에스리테일（주）용인,내방객 접견을 위한 다과 등 물품구입,1,236500,카드,시책추진비,
21,용인시장,2024-12-11 13:02:16,처인옥 정육점,민선8기 시정정책 설명 및 공유를 위한 관계자 업무협의,16,480000,카드,시책추진비,
22,용인시장,2024-12-12 10:43:51,슬로 용인,외부일정 수행 직원 격려,3,42400,카드,기관운영비,
23,용인시장,2024-12-12 18:40:31,일광식당,여성친화도시 조성 및 정책형성 업무관련 관계자 업무협의,10,300000,카드,시책추진비,
24,용인시장,2024-12-13,-,경조사비,1,50000,현금,기관운영비,
25,용인시장,2024-12-13 10:48:46,영애네꼬마김밥,외부일정 수행 직원 격려,7,84000,카드,기관운영비,
26,용인시장,2024-12-13 17:02:29,샌두,자원봉사의 날 행사추진 관련부서 직원 격려,20,190000,카드,기관운영비,
27,용인시장,2024-12-13 19:47:40,이향가든,노인복지 증진을 위한 맞춤형 복지정책관련 관계자 업무협의,5,125000,카드,시책추진비,
28,용인시장,2024-12-16 12:41:30,라플람,시민소통 현장업무의 원활한 추진을 위한 관계자 업무협의,15,444000,카드,시책추진비,
29,용인시장,2024-12-17 12:21:53,진주옥냉면,2025년 시정정책 공유 및 의견소통을 위한 간담회 개최,23,488000,카드,시책추진비,
30,용인시장,2024-12-17 20:22:45,데일리아트스토리 용,2024년 주요성과 공유 및 의견청취를 위한 간부공무원 간담회,47,2250900,카드,기관운영비,
31,용인시장,2024-12-18 12:21:14,현대옥 죽전점,시민소통 현장업무 추진을 위한 업무협의,18,250000,카드,시책추진비,
32,용인시장,2024-12-18 12:51:23,진주옥냉면,주민자치발전 관련단체와의 소통 및 의견수렴을 위한 오찬간담회 실시,33,908000,카드,기관운영비,
33,용인시장,2024-12-18 20:15:22,맛나새,지역경제 활성화를 위한 관계자 업무협의,10,255000,카드,시책추진비,
34,용인시장,2024-12-19 12:56:21,민속촌송도갈비,2025년도 생활밀착형 사업 발굴 및 시정종합기획 추진 관련 업무협의,7,184000,카드,시책추진비,
35,용인시장,2024-12-19 13:47:35,스타벅스 코리아,관외출장에 따른 수행 직원 격려,3,16700,카드,기관운영비,
36,용인시장,2024-12-19 20:04:18,석성산,민선8기 시정정책 공유 및 설명 등 의견소통을 위한 간담회 실시,17,490000,카드,시책추진비,
37,용인시장,2024-12-20 12:44:10,처인옥 정육점,공무직 및 공무원노조 단체교섭 업무추진에 따른 부서직원 격려,15,392000,카드,기관운영비,
38,용인시장,2024-12-20 13:11:09,쓰리에이치앤제이푸드,지역사회복지증진 및 사회서비스 기능강화를 위한 관계자 업무협의,14,476000,카드,시책추진비,
39,용인시장,2024-12-21 11:49:42,슬로 용인,휴일 개최되는 행사참석에 따른 수행직원 격려,3,38900,카드,기관운영비,
40,용인시장,2024-12-23,-,경조사비,1,50000,현금,기관운영비,
41,용인시장,2024-12-23 09:32:40,SSG.COM,내방객 접견을 위한 다과 등 물품구입,1,214070,카드,시책추진비,
42,용인시장,2024-12-23 12:36:10,처인옥 정육점,시정정책 공유 및 의견소통을 위한 간담회를 개최,16,480000,카드,시책추진비,
43,용인시장,2024-12-23 20:27:57,홍복해물,협업기관 정례회의 실시에 따른 업무협의,18,496000,카드,기관운영비,
44,용인시장,2024-12-24 12:41:25,춘천닭갈비주식회사,체계적인 용인시 도시계획도로 업무추진 관련하여 관계자 업무협의,8,150000,카드,시책추진비,
45,용인시장,2024-12-24 12:54:17,다이닝류,폭설 지원정책홍보 및 시정정책 공유 등 의견소통을 위한 간담회 개최,15,488000,카드,시책추진비,
46,용인시장,2024-12-24 14:34:15,웬떡마을영농조합법인,행정사무감사 및 2025년도 본예산 업무준비 관련부서 직원 노고 격려,45,490000,카드,기관운영비,
47,용인시장,2024-12-24 20:02:03,에뜨(ETTE),"비서실 업무보고 조정, 외부일정 수행 및 내방객 접대 등 직원 노고 격려",15,460000,카드,기관운영비,
48,용인시장,2024-12-26 12:08:21,둘레길보리밥,반도체국가산단 실시협약에 따른 관계기관과 업무협의,10,174000,카드,기관운영비,
49,용인시장,2024-12-26 12:20:51,모모커피/호명관광（주,업무추진을 위한 외부출장 수행에 따른 직원 격려,5,34900,카드,기관운영비,
50,용인시장,2024-12-26 12:58:26,다리원,폭설에 따른 제설작업 및 도로관리에 따른 관련부서 직원 노고 격려,17,490000,카드,기관운영비,
51,용인시장,2024-12-26 18:46:52,O 1= 읏듬,구내식당 운영 등 직원복지 향상 부서 직원 격려,16,491000,카드,기관운영비,
52,용인시장,2024-12-27 12:20:26,도미노피자 용인점,국가산단조성 지원 및 현장민원대응 업무처리 부서 직원 노고 격려,12,173120,카드,기관운영비,
53,용인시장,2024-12-27 12:34:36,소근소근숯불구이,폭설에 따른 제설작업 및 도로관리에 따른 관련부서 직원 노고 격려,11,310000,카드,기관운영비,
54,용인시장,2024-12-27 12:55:12,석성산,전문체육 및 생활체육 육성지원 관련하여 관계자 업무협의,12,337500,카드,시책추진비,
55,용인시장,2024-12-27 19:19:18,봉피양（분당）,재난안전관리 및 현안업무 추진관련 관계자 업무협의,5,241000,카드,기관운영비,
56,용인시장,2024-12-27 21:20:42,홍꼬기,폭설피해에 따른 가축전염병 방역관련 관계자 업무협의,14,431000,카드,시책추진비,
57,용인시장,2024-12-28 13:44:41,아이소,양지면 아파트 건축현장 점검 및 확인에 따른 부서직원 노고 격려,18,238100,카드,기관운영비,
58,용인시장,2024-12-30 13:01:00,진주옥냉면,행정타운 시설물 공사 및 효율적 청사관리를 위한 관계자 업무협의,18,480000,카드,시책추진비,
59,용인시장,2024-12-30 17:13:22,탐나는피자（처인구점）,중앙동 및 신갈오거리 도시재생사업 추진 노고 격려,26,250000,카드,기관운영비,
60,용인시장,2024-12-30 17:19:40,도미노피자 용인점,시정주요업무 계획 수립 및 시정기본사항 관리 노고 격려,22,198200,카드,기관운영비,
61,용인시장,2024-12-30 17:21:30,프랭크버거 용인역북,계약 및 지출업무 추진 노고 격려,26,230400,카드,기관운영비,
62,용인시장,2024-12-30 17:26:15,명랑시대쌀핫도그 용,통합지원센터 운영 노고 격려,48,200000,카드,기관운영비,
63,용인시장,2024-12-30 17:33:40,와플대학 용인역북캠,통합지원센터 운영 노고 격려,48,200000,카드,기관운영비,
64,용인시장,2024-12-30 18:09:53,피자스쿨용인역북점,학교주변 환경개선 및 기흥역세권 중학교 민원업무 처리 노고 격려,20,178500,카드,기관운영비,
65,용인시장,2024-12-30 18:36:39,토브김밥,도시철도망 구축사업 추진 노고 격려,12,120000,카드,기관운영비,
66,용인시장,2024-12-30 18:39:28,양평뚝배기해장국,일상감사 실시 및 상위기관감사 수감 노고 격려,30,300000,카드,기관운영비,
67,용인시장,2024-12-30 20:03:31,처인옥 정육점,2025년 시정정책 공유 및 의견소통을 위한 간담회 실시,14,485000,카드,시책추진비,
68,용인시장,2024-12-31 10:36:02,양지바른보호작업장,내방객 접견을 위한 다과 등 물품구입,1,102000,카드,시책추진비,
69,용인시장,2024-12-31 12:33:00,데일리아트스토리 용,온라인소통 및 직소민원처리 노고 격려,15,487500,카드,기관운영비,
70,용인시장,2024-12-31 12:35:48,도미노피자 용인점,시정홍보 노고 격려,12,337100,카드,기관운영비,
71,용인시장,2024-12-31 12:42:07,석성산,지역사회복지증진 및 사회서비스 기능강화를 위한 관계자 업무협의,8,164500,카드,시책추진비,
1,용인시장,2025-01-02,용인시청 구내식당,새해맞이 상근직원 업무추진 노고 격려,1000,6000000,현금,기관운영비,
2,용인시장,2025-01-03 09:47:41,슬로 용인,부속실 일정협의 직원 격려,6,72000,카드,기관운영비,
3,용인시장,2025-01-03 09:57:56,용인경찰서복지회,부속실 일정협의 직원 격려,6,40000,카드,기관운영비,
4,용인시장,2025-01-03 19:51:17,남도랑,L자형 반도체 도시건설 현안사항 추진 관련 중앙부처 관계자 간담회 실시,12,462000,카드,기관운영비,
5,용인시장,2025-01-03 20:36:08,즐대,출장 수행비서실 직원 격려,4,117400,카드,기관운영비,
6,용인시장,2025-01-06,-,경조사비,3,150000,현금,기관운영비,
7,용인시장,2025-01-15,-,경조사비,2,100000,현금,기관운영비,
8,용인시장,2025-01-16 07:57:14,파리바게뜨 용인행정,내방객 접견 등을 위한 다과 등 물품구입,1,52100,카드,시책추진비,
9,용인시장,2025-01-16 10:51:38,용인송화고,내방객 기념품（특산품） 구입,1,300000,카드,시책추진비,
10,용인시장,2025-01-16 12:27:40,이가네,2025년 시정홍보 관련 언론관계자 업무협의,4,82000,카드,시책추진비,
11,용인시장,2025-01-17 11:09:38,양지바른보호작업장,내방객 기념품（특산품） 구입,1,1350000,카드,시책추진비,
12,용인시장,2025-01-17 11:46:15,슬로 용인,업무보고 일정조정 및 외부출장 수행 등 비서실 직원 격려,6,68800,카드,기관운영비,
13,용인시장,2025-01-17 11:47:48,TWOF coffee Bar,2024년 격무부서 선정 부서 직원 격려,28,195700,카드,기관운영비,
14,용인시장,2025-01-17 12:36:10,밥과함께라면 용인시,보훈회관 개관식 관련부서 직원 격려,10,116500,카드,기관운영비,
15,용인시장,2025-01-17 14:11:58,모찌가용인본점,2024년 격무부서 선정 부서 직원 격려,17,118500,카드,기관운영비,
16,용인시장,2025-01-17 14:30:38,메종멜라나,2024년 격무부서 선정 부서 직원 격려,34,238000,카드,기관운영비,
17,용인시장,2025-01-17 14:49:10,이삭토스트 용인역북,2024년 격무부서 선정 부서 직원 격려,16,102700,카드,기관운영비,
18,용인시장,2025-01-17 15:16:23,맘스터치,2024년 격무부서 선정 부서 직원 격려,25,175000,카드,기관운영비,
19,용인시장,2025-01-17 15:20:18,네이버파이낸셜（주）,2025년 설명절 사기진작 격려물품 구입,48,2035200,카드,기관운영비,
20,용인시장,2025-01-17 15:23:49,이삭토스트 용인역북,2024년 격무부서 선정 부서 직원 격려,19,133000,카드,기관운영비,
21,용인시장,2025-01-17 15:27:39,교촌치킨구갈2지구,2024년 격무부서 선정 부서 직원 격려,31,204000,카드,기관운영비,
22,용인시장,2025-01-17 15:28:49,맘스터치기흥구청점,2024년 격무부서 선정 부서 직원 격려,24,168000,카드,기관운영비,
23,용인시장,2025-01-17 15:37:44,포스트피자,2024년 격무부서 선정 부서 직원 격려,23,125000,카드,기관운영비,
24,용인시장,2025-01-17 15:44:47,도미노피자 용인점,2024년 격무부서 선정 부서 직원 격려,31,211100,카드,기관운영비,
25,용인시장,2025-01-17 15:45:21,도미노피자 용인점,2024년 격무부서 선정 부서 직원 격려,33,218200,카드,기관운영비,
26,용인시장,2025-01-17 15:58:09,에그존 역북점,2024년 격무부서 선정 부서 직원 격려,51,357000,카드,기관운영비,
27,용인시장,2025-01-17 15:49:25,팔칠닭강정 명지대역점,2024년 격무부서 선정 부서 직원 격려,17,111500,카드,기관운영비,
28,용인시장,2025-01-17 16:04:52,교촌치킨 수지1지구점,2024년 격무부서 선정 부서 직원 격려,26,182000,카드,기관운영비,
29,용인시장,2025-01-17 15:37:45,푸라닭용인풍덕천1호점,2024년 격무부서 선정 부서 직원 격려,36,230000,카드,기관운영비,
30,용인시장,2025-01-18 20:08:46,돈가네옛날김치찌개,업무보고 일정조정 및 외부출장 수행 등 비서실 직원 격려,8,136000,카드,기관운영비,
31,용인시장,2025-01-20 14:07:50,맛뜰（용인강정）,설명절 사회복지시설 방문 격려물품 구입,1,150000,카드,기관운영비,
32,용인시장,2025-01-20 14:08:42,밥엔김,설명절 사회복지시설 방문 격려물품 구입,1,70000,카드,기관운영비,
33,용인시장,2025-01-20 14:13:14,보라네전,설명절 사회복지시설 방문 격려물품 구입,1,120000,카드,기관운영비,
34,용인시장,2025-01-20 14:34:07,충북정육점,설명절 사회복지시설 방문 격려물품 구입,1,300000,카드,기관운영비,
35,용인시장,2025-01-20 15:13:58,싱싱과일나라,설명절 사회복지시설 방문 격려물품 구입,1,330000,카드,기관운영비,
36,용인시장,2025-01-20 15:08:32,일미만두,설명절 사회복지시설 방문 격려물품 구입,1,120000,카드,기관운영비,
37,용인시장,2025-01-20 15:06:53,무야호떡.와플,설명절 사회복지시설 방문 격려물품 구입,1,70000,카드,기관운영비,
38,용인시장,2025-01-20 15:05:04,고향떡집,설명절 사회복지시설 방문 격려물품 구입,1,280000,카드,기관운영비,
39,용인시장,2025-01-21 07:50:42,스타벅스 코리아,업무보고 일정조정 및 외부출장 수행 등 비서실 직원 격려,4,34200,카드,기관운영비,
40,용인시장,2025-01-21 13:47:43,（주）이마트용인점,내방객 접견 등을 위한 다과 등 물품구입,1,602700,카드,시책추진비,
41,용인시장,2025-01-21 15:18:11,푸카(POOKA),업무보고 일정조정 및 외부출장 수행 등 비서실 직원 격려,8,30000,카드,기관운영비,
42,용인시장,2025-01-21 21:13:44,단성무이 용인역북점,시정홍보 관련 언론관계자 업무협의,4,101700,카드,시책추진비,
43,용인시장,2025-01-21 21:34:44,에뜨(ETTE),지역농산물 유통참여 및 친환경농업 홍보 관련 관계자 업무협의,10,472500,카드,시책추진비,
44,용인시장,2025-01-22 13:12:18,슬로 용인,업무보고 일정조정 및 외부출장 수행 등 비서실 직원 격려,6,57900,카드,기관운영비,
45,용인시장,2025-01-22 13:39:50,ICT밸리컨벤션,시정 운영방향 등 시정홍보를 위한 신년브리핑 개최,224,4400000,카드,시책추진비,
46,용인시장,2025-01-22 14:00:54,（주）이마트용인점,2025년 설명절 사기진작 격려물품 구입（추가）,1,42400,카드,기관운영비,
47,용인시장,2025-01-23 12:50:55,김남희한우,창의적인 정책발굴 기획 업무회의 실시,8,395000,카드,시책추진비,
48,용인시장,2025-01-23 13:28:31,양지바른보호작업장,내방객 기념품（특산품） 구입,1,1350000,카드,시책추진비,
49,용인시장,2025-01-23 16:37:54,피자알볼로 용인중앙,주말 현장점검에 따른 관련부서 직원 노고 격려,20,200000,카드,기관운영비,
50,용인시장,2025-01-24,-,2025년 설명절 현장근무직원 격려금,1,300000,현금,기관운영비,
51,용인시장,2025-01-24 09:48:16,정원유통（정일11번）,신년 초 행사 업무추진 부서 직원 노고 격려,20,100000,카드,기관운영비,
52,용인시장,2025-01-24 12:43:03,진주옥냉면,노인복지 증진 및 노인생활안정 지원을 위한 관계자 간담회 실시,6,172000,카드,시책추진비,
53,용인시장,2025-01-24 13:02:35,차이니즈 퀴진 유 용인본점,용인도시계획도로 구성 소1-32호 개설공사 추진부서 직원 격려,10,249000,카드,기관운영비,
54,용인시장,2025-01-24 14:01:28,탐앤탐스 마운틴점,용인도시계획도로 구성 소1-32호 개설공사 현장 방문 수행직원 격려,3,15900,카드,기관운영비,
55,용인시장,2025-01-24 20:44:12,부홈각,원활한 시민소통 업무추진을 위한 관계자 업무협의,4,67000,카드,시책추진비,
56,용인시장,2025-01-31 12:19:59,삼미동태탕,지역문화예술 및 문화예술인 육성을 위한 관계자 업무협의,10,265000,카드,시책추진비,
57,용인시장,2025-01-31 12:49:05,본도시락용인역북점,2025년 설명절 기간（1.25.니.30.） 상황근무 직원 격려,100,1100000,카드,기관운영비,
1,용인시장,2025-02-03,-,경조사비,2,100000,현금,기관운영비,
2,용인시장,2025-02-03 12:21:23,밥과함께라면 용인시,업무보고 및 외부출장 수행 등 비서실 직원 격려,6,104500,카드,기관운영비,
3,용인시장,2025-02-04 09:07:13,SSG.COM,내방객 접견 등을 위한 다과 등 물품구입,1,260870,카드,시책추진비,
4,용인시장,2025-02-04 12:47:37,애플하우스,협업기관장 정례회의 후 오찬진행,26,656000,카드,기관운영비,
5,용인시장,2025-02-04 16:38:02,용인라마다호텔,업무보고 및 외부출장 수행 등 비서실 직원 격려,2,10500,카드,기관운영비,
6,용인시장,2025-02-05 12:35:53,슬로 용인,지역균형 발전방향 등 지역현황 관련 관계자와의 업무협의,14,280300,카드,시책추진비,
7,용인시장,2025-02-05 15:42:30,경기용인지역자활센터,내방객 기념품（특산품） 구입,1,149000,카드,시책추진비,
8,용인시장,2025-02-06 11:12:28,양지바른보호작업장,내방객 기념품（특산품） 구입,1,1350000,카드,시책추진비,
9,용인시장,2025-02-06 12:10:20,사담손만두용인점,제10회 용인특례시 안전문화살롱 개최,18,381000,카드,기관운영비,
10,용인시장,2025-02-06 12:44:28,북해어장 왕코다리,2025년 시정홍보 관련 언론관계자와의 업무협의,8,170000,카드,시책추진비,
11,용인시장,2025-02-07 12:54:53,미야자키,부속실 업무보고 일정조정 등 비서실 직원 노고 격려,6,140000,카드,기관운영비,
12,용인시장,2025-02-07 20:53:07,맛나새,전문체육 육성지원 관계자 업무협의,10,362000,카드,시책추진비,
13,용인시장,2025-02-11 12:25:46,호호꼬마분식,지역간 보육격차 해소 등 보육사업 지원을 위한 관계자 업무협의,14,135000,카드,시책추진비,
14,용인시장,2025-02-12 12:15:38,석성산,전통시장 경쟁력 강화 및 지역경제 활성화방안 논의를 위한 관계자와 업무협의,18,436000,카드,시책추진비,
15,용인시장,2025-02-12 13:10:17,（주）케이알산업 처인휴게소,외부출장 수행직원 격려,3,9400,카드,기관운영비,
16,용인시장,2025-02-12 16:49:13,투썸플레이스,외부출장 수행직원 격려,3,15800,카드,기관운영비,
17,용인시장,2025-02-12 21:38:58,착한고기용인수지점,2025 정월대보름맞이 민속행사 추진부서 직원 격려,18,491000,카드,기관운영비,
18,용인시장,2025-02-13 12:17:55,153포인츠부대찌개,전문체육 육성지원 관계자 업무협의,12,155000,카드,시책추진비,
19,용인시장,2025-02-13 12:44:15,동방명주,외부출장 수행직원 격려,44,145000,카드,기관운영비,
20,용인시장,2025-02-13 14:48:37,SSG.COM,내방객 접견 등을 위한 다과 등 물품구입,1,223020,카드,시책추진비,
21,용인시장,2025-02-13 15:17:29,할리스충무로점,외부출장 수행직원 격려,4,31000,카드,기관운영비,
22,용인시장,2025-02-13 20:35:13,처인옥 정육점,시청사 본관 및 별관 등 청사시설물의 효율적 운영을 위한 업무협의,6,215000,카드,시책추진비,
23,용인시장,2025-02-14 12:59:09,김남희한우,민선8기 시정홍보 관련 언론관계자 업무협의,8,200000,카드,시책추진비,
24,용인시장,2025-02-14 13:49:15,양지바른보호작업장,내방객 기념품（특산품） 구입,1,1350000,카드,시책추진비,
25,용인시장,2025-02-14 16:22:33,피자는치즈빨,폭설에 따른 청사 제설담당부서 직원 노고 격려,61,495000,카드,기관운영비,
26,용인시장,2025-02-15 12:12:36,데일리아트스토리 용,주말 출장 수행비서 및 행사지원 직원 노고 격려,10,216800,카드,기관운영비,
27,용인시장,2025-02-17 11:06:16,경기용인지역자활센터,내방객 기념품（특산품） 구입,1,820000,카드,시책추진비,
28,용인시장,2025-02-18 12:19:39,플레어비 광교,부속실 업무보고 일정조정 및 외부출장 수행 등 비서실 직원 격려,3,61500,카드,기관운영비,
29,용인시장,2025-02-18 12:34:34,돈가네옛날김치돼지찌,용인시 관광자원 개발 및 관광홍보 활성화를 위한 관계자 업무협의,3,39000,카드,시책추진비,
30,용인시장,2025-02-18 20:41:18,꼬꼬C,민선8기 생활밀착형 사업확대 및 시정종합기획 업무추진에 따른 관계자 업무협의,8,267000,카드,시책추진비,
31,용인시장,2025-02-19,-,경조사비,4,200000,현금,기관운영비,
32,용인시장,2025-02-19 12:51:09,（주）케이알산업 처인휴게소,세미콘 코리아 2025（코역스） 참관 직원 격려,15,137500,카드,기관운영비,
33,용인시장,2025-02-19 12:54:44,（주）케이알산업 처인휴게소,세미콘 코리아 2025（코역스） 참관 직원 격려,15,20000,카드,기관운영비,
34,용인시장,2025-02-19 13:01:23,（주）케이알산업 처인휴게소,세미콘 코리아 2025（코역스） 참관 직원 격려,15,55500,카드,기관운영비,
35,용인시장,2025-02-19 13:38:02,스타벅스 코리아,세미콘 코리아 2025（코역스） 참관 직원 격려,15,65800,카드,기관운영비,
36,용인시장,2025-02-19 20:41:59,처인옥 정육점,해외통상 업무 추진과 관련 무역협회 관계자 업무협의,10,458000,카드,시책추진비,
37,용인시장,2025-02-20 12:46:19,들꽃,지역 맞중형 인재양성 및 교육현안 논의를 위한 관계자 업무협의,16,482000,카드,시책추진비,
38,용인시장,2025-02-21 12:08:53,（주）케이알산업 처인휴게소,미국 월리엄슨카운티 사절단 방한에 따른 행사 지원 직원 격려,18,116100,카드,기관운영비,
39,용인시장,2025-02-21 12:45:08,（주）케이알산업 처인휴게소,미국 월리엄슨카운티 사절단 방한에 따른 행사 지원 직원 격려,18,116000,카드,기관운영비,
40,용인시장,2025-02-21 20:45:39,（주）이도 청담,미국 월리엄슨카운티 사절단 방한에 따른 행사 지원 직원 격려,15,750000,카드,기관운영비,
41,용인시장,2025-02-24 11:05:22,스타벅스 코리아,’조아용과 이마트가 함께하는 팝업스토어' 협약식 등 추진부서 직원 노고 격려,10,47000,카드,기관운영비,
42,용인시장,2025-02-24 12:22:57,평안도잡쌀순대 명지,민선8기 시정홍보 관련 언론관계자와의 업무협의,6,78000,카드,시책추진비,
43,용인시장,2025-02-24 12:50:41,김남희한우,체계적인 용인시 도시계획도로 업무추진 관련 관계자 업무협의,10,402000,카드,시책추진비,
44,용인시장,2025-02-24 13:28:09,양지바른보호작업장,내방객 접견 등을 위한 다과 등 물품구입,1,102000,카드,시책추진비,
45,용인시장,2025-02-24 20:13:46,양은이네역북점,가축전염병에 따른 방역과 관련하여 관계자와의 업무협의,6,75000,카드,시책추진비,
46,용인시장,2025-02-27 10:21:24,양지바른보호작업장,내방객 기념품（특산품） 구입,1,1350000,카드,시책추진비,
47,용인시장,2025-02-27 14:29:11,경기용인지역자활센터,내방객 기념품（특산품） 구입,1,1510000,카드,시책추진비,
48,용인시장,2025-02-27 16:08:59,퍼퓰러버거,제1회 추경예산 준비 부서 직원 노고 격려,20,170000,카드,기관운영비,
49,용인시장,2025-02-28 12:14:42,궁촌,원활한 시민소통 업무추진을 위한 관계자 업무협의,6,158000,카드,시책추진비,
1,용인시장,2025-03-01 11:19:04,스타벅스 코리아,제106주년 3.1절 기념식 추진부서 직원 노고 격려,12,76200,카드,기관운영비,
2,용인시장,2025-03-04,-,경조사비,1,50000,현금,기관운영비,
3,용인시장,2025-03-04 10:30:08,슬로 용인,내방객 접견을 위한 다과 등 물품구입,1,55500,카드,시책추진비,
4,용인시장,2025-03-04 12:40:06,데일리아트스토리,민선8기 시정홍보 관련 언론관계자 업무협의,10,350000,카드,시책추진비,
5,용인시장,2025-03-04 21:44:01,（주）신세계백화점강남,민선8기 시정홍보 관련 언론관계자 업무협의,4,178400,카드,시책추진비,
6,용인시장,2025-03-05 12:38:37,김남희한우,민선8기 시정홍보 관련 언론관계자 업무협의,12,484500,카드,시책추진비,
7,용인시장,2025-03-05 20:27:37,데일리아트스토리,용인시 관광자원 개발 및 관광홍보 활성화 관련 관계자 업무협의,12,450000,카드,시책추진비,
8,용인시장,2025-03-06 11:13:05,하이 앤 로우,내방객 접견을 위한 다과 등 물품구입,1,61200,카드,시책추진비,
9,용인시장,2025-03-06 17:46:00,경기용인지역자활센터,내방객 기념품（특산품） 구입,1,370000,카드,시책추진비,
10,용인시장,2025-03-07 09:52:20,스타벅스 코리아,외부출장 수행직원 격려,4,10800,카드,기관운영비,
11,용인시장,2025-03-07 09:58:32,스타벅스 코리아,외부출장 수행직원 격려,4,10800,카드,기관운영비,
12,용인시장,2025-03-07 11:39:18,하노이의 아침 & PUB,외부출장 수행직원 격려,4,86000,카드,기관운영비,
13,용인시장,2025-03-07 12:14:28,감자바우,원활한 시민소통 업무추진을 위한 관계자 업무협의,4,60000,카드,시책추진비,
14,용인시장,2025-03-07 15:10:04,도미노피자 용인점,프로축구단 창단 업무추진 부서 노고 격려,19,131600,카드,기관운영비,
15,용인시장,2025-03-07 21:30:01,미가훠거（（주）미가성세）,민선8기 시정홍보 관련 언론관계자 업무협의,8,338400,카드,시책추진비,
16,용인시장,2025-03-08 11:47:41,밥과함께라면 용인시,주말 출장수행 직원 격려,6,53000,카드,기관운영비,
17,용인시장,2025-03-09 11:54:45,슬로 용인,주말 출장수행 직원 격려,6,54400,카드,기관운영비,
18,용인시장,2025-03-10 12:39:24,홍복해물,민선8기 시정홍보 관련 언론관계자 업무협의,6,134000,카드,시책추진비,
19,용인시장,2025-03-10 12:53:01,김남희한우,민선8기 시정정책 및 시민체감 정책 발굴을 위한 관계자 업무협의,11,388000,카드,시책추진비,
20,용인시장,2025-03-11,-,경조사비,2,100000,현금,기관운영비,
21,용인시장,2025-03-11 12:43:08,데일리아트스토리 용,민선8기 시정홍보 관련 언론관계자 업무협의,8,298100,카드,시책추진비,
22,용인시장,2025-03-12 07:37:40,맥도날드용인시청DT점,부속실 일정협의 및 출장수행 비서실 직원 격려,6,49400,카드,기관운영비,
23,용인시장,2025-03-12 21:38:15,피제리아 스너그,민선8기 시정홍보 관련 언론관계자 업무협의,8,381000,카드,시책추진비,
24,용인시장,2025-03-13,-,경조사비,2,100000,현금,기관운영비,
25,용인시장,2025-03-13 11:11:06,파리 바게뜨 용인행정타운점,내방객 접견을 위한 다과 등 물품구입,1,94700,카드,시책추진비,
26,용인시장,2025-03-13 18:28:02,꽃예술원,용인동부경찰서장 및 용인서부경찰서장 취임에 따른 축하화분 구입,1,100000,카드,기관운영비,
27,용인시장,2025-03-13 19:41:34,삼우정,용인시 체육 육성지원 관련 체육관계자 업무협의,8,210000,카드,시책추진비,
28,용인시장,2025-03-14 10:41:38,노바베이커리,부속실 일정협의 및 출장수행 직원 격려,8,86900,카드,기관운영비,
29,용인시장,2025-03-14 13:58:56,경기용인지역자활센터,내방객 기념품（특산품） 구입,1,610000,카드,시책추진비,
30,용인시장,2025-03-14 19:56:37,팀스쿡,민선8기 시정홍보 관련 언론관계자 업무협의,4,105900,카드,시책추진비,
31,용인시장,2025-03-15 12:53:31,다리원,주말 출장수행 직원 격려,5,115000,카드,기관운영비,
32,용인시장,2025-03-17,-,경조사비,6,300000,현금,기관운영비,
33,용인시장,2025-03-17 09:15:26,SSG.COM,내방객 접견을 위한 다과 등 물품구입,1,222040,카드,시책추진비,
34,용인시장,2025-03-17 12:53:11,뜰안애,민선8기 시정홍보 관련 언론관계자 업무협의,5,150000,카드,시책추진비,
35,용인시장,2025-03-18,-,경조사비,1,50000,현금,기관운영비,
36,용인시장,2025-03-18 12:37:40,궁촌,민선8기 시정홍보 관련 언론관계자 업무협의,8,272000,카드,시책추진비,
37,용인시장,2025-03-18 16:42:55,투썸플레이스 분당궁내점,외부출장 수행직원 격려,3,17500,카드,기관운영비,
38,용인시장,2025-03-18 20:41:07,미가훠거（（주）미가성세）,국제교류 의원 간담회 개최,26,1000200,카드,기관운영비,
39,용인시장,2025-03-19 14:15:16,양지바른보호작업장,내방객 기념품（특산품） 구입,1,810000,카드,시책추진비,
40,용인시장,2025-03-20 12:51:25,（주）만미정,지역 맞중형 인재양성 및 교육현안사항 관련 관계자 업무협의,8,264000,카드,시책추진비,
41,용인시장,2025-03-20 15:39:00,이삭토스트 용인역북,현안업무 추진부서 노고 격려,20,95500,카드,기관운영비,
42,용인시장,2025-03-20 16:19:27,설빙 역북점,현안업무 추진부서 노고 격려,20,43900,카드,기관운영비,
43,용인시장,2025-03-21,-,경조사비,1,50000,현금,기관운영비,
44,용인시장,2025-03-21 12:17:12,도미노피자 용인점,현안업무 추진부서 노고 격려,12,77480,카드,기관운영비,
45,용인시장,2025-03-21 12:41:52,이당비스트로 용인점,여성친화도시 조성관련 지역특화사업 발굴을 위한 관계자 업무협의,7,146000,카드,시책추진비,
46,용인시장,2025-03-24 12:44:25,칼리오페,용인시 체육 육성지원 관련하여 체육관계자 업무협의,12,308500,카드,시책추진비,
47,용인시장,2025-03-24 20:09:16,미가뤄거 신세계백화점 강남점,첨단시스템반도체 국가산단 조성 관련 중앙부처 관계자 등 간담회 실시,8,261000,카드,기관운영비,
48,용인시장,2025-03-25 12:38:27,석수사,지역균형 발전을 위한 지역현황 관련 관계자 업무협의,3,60000,카드,시책추진비,
49,용인시장,2025-03-26,-,경조사비,1,50000,현금,기관운영비,
50,용인시장,2025-03-26 09:18:49,슬로 용인,내방객 접견을 위한 다과 등 물품구입,1,51200,카드,시책추진비,
51,용인시장,2025-03-27 12:35:38,석수사,창의적인 정책발굴 기획 업무회의 실시,4,120000,카드,시책추진비,
52,용인시장,2025-03-27 13:03:03,칼리오페,원활한 시민소통 업무추진을 위한 관계자 업무협의,8,299500,카드,시책추진비,
53,용인시장,2025-03-27 15:08:22,양지바른보호작업장,내방객 기념품（특산품） 구입,1,900000,카드,시책추진비,
54,용인시장,2025-03-27 16:33:41,경기용인지역자활센터,내방객 기념품（특산품） 구입,1,238000,카드,시책추진비,
55,용인시장,2025-03-27 19:51:07,（주）무릉도원,부속실 일정협의 및 출장 수행직원 격려,4,58000,카드,기관운영비,
56,용인시장,2025-03-27 20:16:17,（주）소풍,지역사회복지증진 및 사회서비스 기능강화 관련 관계자 업무협의,4,141000,카드,시책추진비,
57,용인시장,2025-03-28,-,경조사비,1,50000,현금,기관운영비,
58,용인시장,2025-03-28 13:19:20,김남희한우,지역문화예술 및 문화예술인 육성을 위한 관계자 업무협의,8,322000,카드,시책추진비,
59,용인시장,2025-03-28 19:19:34,진주옥냉면,부속실 일정협의 및 출장 수행직원 격려,2,24000,카드,기관운영비,
60,용인시장,2025-03-29 13:10:46,일품향,주말 행사 지원 직원 노고 격려,14,337000,카드,기관운영비,
61,용인시장,2025-03-31 10:34:22,투썸플레이스 광주오포점,부속실 일정협의 및 출장 수행직원 격려,3,19600,카드,기관운영비,
62,용인시장,2025-03-31 13:01:15,스타벅스 코리아,부속실 일정협의 및 출장 수행직원 격려,3,15300,카드,기관운영비,
63,용인시장,2025-03-31 13:09:03,해초락,전통시장 경쟁력 강화 및 지역경제 활성화방안 논의를 위한 관계자 업무협의,4,102000,카드,시책추진비,
64,용인시장,2025-03-31 19:50:20,박실장회&참치,2025년 5급 승진리더과정 교육생 격려,10,370000,카드,기관운영비,
1,용인시장,2025-04-01 12:59:49,김남희한우,지역농산물 유통참여 및 친환경농업 홍보 관련 관계자와의 업무협의,6,164000,카드,시책추진비,
2,용인시장,2025-04-02,-,경조사비,1,50000,현금,기관운영비,
3,용인시장,2025-04-02 12:54:17,석성산,민선8기 시정홍보 관련 언론관계자 업무협의,14,450500,카드,시책추진비,
4,용인시장,2025-04-02 14:39:39,경기용인지역자활센터,내방객 기념품（특산품） 구입,1,210000,카드,시책추진비,
5,용인시장,2025-04-03 12:25:25,153포인츠부대찌개,계획적인 도시계획 업무 추진 간담회 실시,8,100000,카드,시책추진비,
6,용인시장,2025-04-03 14:07:44,양지바른보호작업장,내방객 기념품（특산품） 구입,1,1710000,카드,시책추진비,
7,용인시장,2025-04-03 17:36:38,경기용인지역자활센터,내방객 기념품（특산품） 구입,1,56000,카드,시책추진비,
8,용인시장,2025-04-03 19:49:49,애플하우스,가축전염병에 따른 방역과 관련하여 관계자 업무협의,12,355500,카드,시책추진비,
9,용인시장,2025-04-05 12:51:57,밥과함께라면,주말 행사 수행 및 지원을 위해 출근한 직원 노고 격려,8,92000,카드,기관운영비,
10,용인시장,2025-04-05 13:15:53,유니르베이커리카페,주말 행사 수행 및 지원을 위해 출근한 직원 노고 격려,8,82300,카드,기관운영비,
11,용인시장,2025-04-07,-,경조사비,1,50000,현금,기관운영비,
12,용인시장,2025-04-09 10:57:03,슬로 용인,용인FC추진현황 점검 관련 차담회 실시,13,120400,카드,기관운영비,
13,용인시장,2025-04-09 19:42:36,뜰안애,지역균형 발전방향 등 지역현황 관련 관계자 업무협의,4,120000,카드,시책추진비,
14,용인시장,2025-04-10 12:38:47,김남희한우,민선8기 시정홍보 관련 언론관계자와의 업무협의,8,293000,카드,시책추진비,
15,용인시장,2025-04-10 12:42:36,삼미동태탕,민선8기 시정홍보 관련 언론관계자와의 업무협의,3,42000,카드,시책추진비,
16,용인시장,2025-04-11,-,경조사비,1,50000,현금,기관운영비,
17,용인시장,2025-04-11 19:49:24,약속하오리,시청사 본관 및 별관 등 청사시설물의 효율적 운영을 위한 업무협의,6,200000,카드,시책추진비,
18,용인시장,2025-04-11 19:56:38,데일리아트스토리,지역 맞중형 인재양성 및 교육현안 논의를 위한 관계자 업무협의,10,367700,카드,시책추진비,
19,용인시장,2025-04-12 11:27:15,풀오브(Full of),주말 행사 수행을 위해 출근한 직원 격려,4,35000,카드,기관운영비,
20,용인시장,2025-04-14,-,경조사비,1,50000,현금,기관운영비,
21,용인시장,2025-04-14 11:38:23,슬로 용인,부속실 일정협의 및 출장 수행 직원 격려,8,111000,카드,기관운영비,
22,용인시장,2025-04-14 15:20:52,양지바른보호작업장,내방객 접견 등을 위한 다과 등 물품구입,1,148000,카드,시책추진비,
23,용인시장,2025-04-14 19:33:38,홍박사생고기,지역문화예술 및 문화예술인 육성을 위한 관계자 업무협의,12,488000,카드,시책추진비,
24,용인시장,2025-04-14 19:55:43,（주）소풍,전통시장 경쟁력 강화 및 지역경제 활성화방안 논의를 위한 관계자 업무협의,12,477000,카드,시책추진비,
25,용인시장,2025-04-15,제이1 농업회사법인 주식회사,내방객 기념품（특산품） 구입,1,205200,현금,시책추진비,
26,용인시장,2025-04-15 09:07:13,SSG.COM,내방객 접견 등을 위한 다과 등 물품구입,1,241200,카드,시책추진비,
27,용인시장,2025-04-15 12:42:21,（주）소풍,지역문화예술 및 문화예술인 육성을 위한 관계자 업무협의,6,201000,카드,시책추진비,
28,용인시장,2025-04-15 12:54:51,김남희한우,해외통상 업무 추진을 위한 관계자 업무협의,6,227000,카드,시책추진비,
29,용인시장,2025-04-16,-,경조사비,2,100000,현금,기관운영비,
30,용인시장,2025-04-16 15:12:33,경기용인지역자활센터,내방객 기념품（특산품） 구입,1,59000,카드,시책추진비,
31,용인시장,2025-04-16 20:55:22,주식회사 미가성세,계획적인 도시계획 업무 추진 간담회 실시,12,475000,카드,시책추진비,
32,용인시장,2025-04-17 12:39:29,애플하우스,현안업무 추진부서 노고 격려,25,478000,카드,기관운영비,
33,용인시장,2025-04-17 14:12:42,양지바른보호작업장,내방객 기념품（특산품） 구입,1,1710000,카드,시책추진비,
34,용인시장,2025-04-18,,경조사비,1,50000,현금,기관운영비,
35,용인시장,2025-04-18 12:46:54,애플하우스,시민 체감 생활밀착형 사업 신규 발굴 등을 위한 간담회 실시,29,744000,카드,기관운영비,
36,용인시장,2025-04-18 21:21:45,돈가네 옛날김치돼지,프로축구단 창단 준비 관련 유관기관 업무협의,12,304000,카드,기관운영비,
37,용인시장,2025-04-18 22:12:19,칸티나(Cantina),민선8기 시정홍보 관련 언론관계자 업무협의,4,188000,카드,시책추진비,
38,용인시장,2025-04-20 12:51:34,석성산,주말 행사 수행 및 지원을 위해 출근한 직원 격려,12,260000,카드,기관운영비,
39,용인시장,2025-04-21,-,경조사비,1,50000,현금,기관운영비,
40,용인시장,2025-04-21 17:06:20,제이플라워카페,외부출장 수행 직원 격려,3,16500,카드,기관운영비,
41,용인시장,2025-04-22 10:51:14,영애네꼬마김밥,부속실 일정협의 및 출장 수행 직원 격려,8,88000,카드,기관운영비,
42,용인시장,2025-04-23 11:15:17,본도시락용인역북점,제292회 임시회 시정질문 답변준비 등 현안업무 추진부서 직원 격려,18,298000,카드,기관운영비,
43,용인시장,2025-04-24 10:17:27,양지바른보호작업장,내방객 기념품（특산품） 구입,1,1350000,카드,시책추진비,
44,용인시장,2025-04-24 12:42:46,밥밥디라라,민선8기 시정정책 및 시민체감 정책 발굴을 위한 관계자 업무협의,7,109800,카드,시책추진비,
45,용인시장,2025-04-24 12:47:46,김남희한우,원활한 시민소통 업무추진을 위한 관계자 업무협의,12,447000,카드,시책추진비,
46,용인시장,2025-04-24 13:31:09,（주）케이알산업 처인휴게소,외부출장 수행직원 격려,4,13800,카드,기관운영비,
47,용인시장,2025-04-25,-,경조사비,1,50000,현금,기관운영비,
48,용인시장,2025-04-25 12:37:27,탯자리나주곰탕,"교류도시 간 문화, 관광 정책 등 우호 강화를 위한 오찬간담회 실시",19,508000,카드,기관운영비,
49,용인시장,2025-04-25 14:45:31,브리즈,외부출장 수행직원 격려,2,4300,카드,기관운영비,
50,용인시장,2025-04-25 21:06:58,반갑다돼지야,외부출장 수행직원 격려,12,208000,카드,기관운영비,
51,용인시장,2025-04-27 13:07:59,아이소,주말 외부출장 수행 직원 격려,3,19500,카드,기관운영비,
52,용인시장,2025-04-28 12:31:02,궁촌,지역문화예술 및 문화예술인 육성을 위한 관계자 업무협의,12,352000,카드,시책추진비,
53,용인시장,2025-04-28 15:01:57,양지바른보호작업장,내방객 기념품（특산품） 구입,1,810000,카드,시책추진비,
54,용인시장,2025-04-28 19:47:27,（주）미식관 불고기미,프로축구단 창단 관련 유관기관 간담회 실시,12,410000,카드,기관운영비,
55,용인시장,2025-04-29 09:13:37,SSG.COM,내방객 접견 등을 위한 다과 등 물품구입,1,234440,카드,시책추진비,
56,용인시장,2025-04-29 12:40:38,차이니즈 퀴진 유,지역농산물 유통참여 및 친환경농업 홍보와 관련 관계자 업무협의,6,192000,카드,시책추진비,
57,용인시장,2025-04-29 20:46:09,미가훠궈（신세계강남점）,프로축구단 창단 관련 유관기관 간담회 실시,6,266400,카드,기관운영비,
58,용인시장,2025-04-30 12:53:08,석성산,장애인단체 사회복지지원 관련 관계자 업무협의,16,403000,카드,시책추진비,
1,용인시장,2025-05-01 09:01:55,나인블럭 신갈점/（주）,외부출장 수행직원 격려,4,32500,카드,기관운영비,
2,용인시장,2025-05-01 12:57:30,김남희한우,여성친화도시 조성관련 지역특화사업 발굴을 위한 관계자와의 업무협의,12,481000,카드,시책추진비,
3,용인시장,2025-05-02 12:40:33,홈복해물,지역농산물 유통참여 및 친환경농업 홍보와 관련하여 관계자와의 업무협의,12,414000,카드,시책추진비,
4,용인시장,2025-05-02 19:54:11,김남희한우,해외통상 업무 추진을 위한 관계자와의 업무협의,6,236000,카드,시책추진비,
5,용인시장,2025-05-05 13:08:37,아이소,휴일 외부출장 수행직원 격려,4,28800,카드,기관운영비,
6,용인시장,2025-05-07 10:25:49,제이플라워카페,부속실 일정협의 및 출장 수행 직원 격려,4,30500,카드,기관운영비,
7,용인시장,2025-05-07 12:42:39,우사 광교점,첨단시스템반도체 국가산단 조성 관련 경기도청 관계자 등과의 간담회,10,285000,카드,기관운영비,
8,용인시장,2025-05-08,-,경조사비,2,100000,현금,기관운영비,
9,용인시장,2025-05-08 12:12:45,아자아자장어구이,지역간 보육격차 해소 등 보육사업 지원을 위한 관계자와의 업무협의,10,262000,카드,시책추진비,
10,용인시장,2025-05-08 12:50:29,김남희한우,지역농산물 유통참여 및 친환경농업 홍보와 관련하여 관계자와의 업무협의,16,482000,카드,시책추진비,
11,용인시장,2025-05-09,-,경조사비,1,50000,현금,기관운영비,
12,용인시장,2025-05-09 10:23:16,영애네꼬마김밥,부속실 일정협의 및 출장 수행 직원 격려,8,56000,카드,기관운영비,
13,용인시장,2025-05-09 21:30:49,홍박사정육도매,지역문화예술 및 문화예술인 육성을 위한 관계자와의 업무협의,12,493000,카드,시책추진비,
14,용인시장,2025-05-12,-,경조사비,1,50000,현금,기관운영비,
15,용인시장,2025-05-12 12:37:05,홈박사생고기,시청사 본관 및 별관 등 청사시설물의 효율적 운영을 위한 업무협의,4,102000,카드,시책추진비,
16,용인시장,2025-05-12 12:53:12,라플람,용인시 관광자원 개발 및 관광홍보 활성화를 위한 관계자와의 업무협의,12,344000,카드,시책추진비,
17,용인시장,2025-05-13 12:16:00,이향가든,노인복지 증진 및 노인생활안정 지원을 위한 관계자와의 간담회,6,170000,카드,시책추진비,
18,용인시장,2025-05-13 12:34:13,김남희한우,지역문화예술 및 문화예술인 육성을 위한 관계자와의 업무협의,8,202000,카드,시책추진비,
19,용인시장,2025-05-14 12:37:23,김남희한우,외부출장 수행직원 격려,4,72000,카드,기관운영비,
20,용인시장,2025-05-14 14:39:21,더매덩 역사관점,외부출장 수행직원 격려,4,36200,카드,기관운영비,
21,용인시장,2025-05-14 19:52:30,봉화회관,외부출장 수행직원 격려,4,36000,카드,기관운영비,
22,용인시장,2025-05-15,-,경조사비,1,50000,현금,기관운영비,
23,용인시장,2025-05-15 11:35:24,콘타이,외부출장 수행직원 격려,4,38700,카드,기관운영비,
24,용인시장,2025-05-15 11:57:39,스타벅스 코리아,외부출장 수행직원 격려,4,31000,카드,기관운영비,
25,용인시장,2025-05-15 12:47:32,강경불고기,체계적인 용인시 도시계획도로 업무추진 관련하여 관계자와의 업무협의,12,300000,카드,시책추진비,
26,용인시장,2025-05-15 19:26:28,오리보양식,경기도체육대회 출전선수단 간담회,25,480000,카드,시책추진비,
27,용인시장,2025-05-16 13:27:19,경기용인지역자활센터,내방객 기념품（특산품） 구입,1,149000,카드,시책추진비,
28,용인시장,2025-05-18 12:02:13,돈다랑,주말 행사 수행 직원 격려,6,60000,카드,기관운영비,
29,용인시장,2025-05-19 12:15:00,이향가든,원활한 시민소통 업무추진을 위한 관계자와의 업무협의,6,144000,카드,시책추진비,
30,용인시장,2025-05-19 12:46:58,애플하우스,2025년 학습연구동아리 참여 공직자 격려,22,480000,카드,기관운영비,
31,용인시장,2025-05-19 13:36:55,양지바른보호작업장,내방객 기념품（특산품） 구입,1,1710000,카드,시책추진비,
32,용인시장,2025-05-20 10:12:35,SSG.COM,내방객 접견 등을 위한 다과 등 물품구입,1,237420,카드,시책추진비,
33,용인시장,2025-05-20 12:01:24,슬로 용인,해외파병용사의 날 및 월남전참전 기념식 행사 추진 부서 직원 격려,17,242400,카드,기관운영비,
34,용인시장,2025-05-20 19:09:02,풍천장어마을,창의적인 정책발굴 기획 업무회의,4,106500,카드,시책추진비,
35,용인시장,2025-05-21 12:00:59,삼가정,청사시설물의 효율적 운영을 위한 업무협의,4,132000,카드,시책추진비,
36,용인시장,2025-05-21 20:11:36,미가뤄거,민선8기 시정홈보 관련 언론관계자와의 업무협의,8,305600,카드,시책추진비,
37,용인시장,2025-05-22 12:44:27,꽃피는 화덕피자 D485,외부출장 수행직원 격려,3,40000,카드,기관운영비,
38,용인시장,2025-05-22 21:03:46,석성산,용인동부서경찰서 협력체계 구축을 위한 지역치안 및 시민안전 강화 간담회 실시,35,1093500,카드,기관운영비,
39,용인시장,2025-05-23,-,경조사비,3,150000,현금,기관운영비,
40,용인시장,2025-05-23 12:13:56,화화돼지왕갈비 용인,2025년 학습연구동아리 참여 공직자 격려,24,384000,카드,기관운영비,
41,용인시장,2025-05-23 12:39:26,파리바게뜨 용인행정,2026년 학습연구동아리 참여 공직자 격려,24,106550,카드,기관운영비,
42,용인시장,2025-05-23 19:47:04,풍찬나루,협업기관장 정례회의,24,1166100,카드,기관운영비,
43,용인시장,2025-05-23 21:34:22,대박수산,지역문화예술 및 문화예술인 육성을 위한 관계자와의 업무협의,4,115000,카드,시책추진비,
44,용인시장,2025-05-26,-,경조사비,1,50000,현금,기관운영비,
45,용인시장,2025-05-27 12:16:28,석성산,용인시 관광자원 개발 및 관광홍보 활성화를 위한 관계자와의 업무협의,6,158000,카드,시책추진비,
46,용인시장,2025-05-28 12:42:46,애플하우스,2025년 학습연구동아리 참여 공직자 격려,25,714500,카드,기관운영비,
47,용인시장,2025-05-28 19:30:38,풍천나루,지역균형 발전방향 등 지역현황 관련 관계자와의 업무협의,12,420000,카드,시책추진비,
48,용인시장,2025-05-29 12:54:57,슬로 용인,전통시장 경쟁력 강화 및 지역경제 활성화방안 논의를 위한 관계자와의 업무협의,18,400900,카드,시책추진비,
49,용인시장,2025-05-29 17:58:50,장갈비찜,외부출장 수행직원 격려,3,42000,카드,기관운영비,
50,용인시장,2025-05-30 12:22:54,삼미당막국수,용인시 도시계획도로 업무추진 관련하여 관계자와의 업무협의,6,79000,카드,시책추진비,
51,용인시장,2025-05-30 12:28:36,밥과함께라면 용인시,외부출장 수행직원 격려,4,26500,카드,기관운영비,
52,용인시장,2025-05-30 13:16:28,밥과함께라면 용인시,외부출장 수행직원 격려,4,4500,카드,기관운영비,
53,용인시장,2025-05-30 19:43:30,뜰안애,전문 체육 육성지원과 관련하여 체육관계자와의 업무협의,14,224000,카드,시책추진비,
54,용인시장,2025-05-31 13:28:09,돈다랑,주말 행사지원 및 외부출장 수행직원 격려,14,150000,카드,기관운영비,
55,용인시장,2025-05-31 13:28:36,카페도시락（Cafe도시락）,주말 행사지원 및 외부출장 수행직원 격려,14,42000,카드,기관운영비,
1,용인시장,2025-06-02 09:47:56,스타벅스 코리아,외부출장 수행직원 격려,3,15500,카드,기관운영비,
2,용인시장,2025-06-02 12:54:33,동백궁,지역문화예술 육성 업무협의,8,289000,카드,시책추진비,
3,용인시장,2025-06-04 12:44:53,칼리오페,시정홈보 등 주요 현안업무 추진부서 노고 격려,16,645000,카드,기관운영비,
4,용인시장,2025-06-05 12:07:16,본수원갈비（용인점）,외부출장 수행직원 격려,4,72000,카드,기관운영비,
5,용인시장,2025-06-05 14:13:19,（주）도노커피 용인시,대통령 주재 안전치안점검회의 배석 직원 격려,18,53500,카드,기관운영비,
6,용인시장,2025-06-06 12:19:07,돈다랑,현충일 및 주말행사 출근 직원 격려,25,350000,카드,기관운영비,
7,용인시장,2025-06-06 12:21:06,카페도시락（Cafe도시,현충일 및 주말행사 출근 직원 격려,25,111500,카드,기관운영비,
8,용인시장,2025-06-08 13:04:55,경복궁개성손만두,주말행사 출근 직원 격려,12,180000,카드,기관운영비,
9,용인시장,2025-06-09,,경조사비,1,50000,현금,기관운영비,
10,용인시장,2025-06-09 12:42:36,용인칼국수,민선8기 시정정책 공유 및 소통을 위한 주민간담회,4,50000,카드,시책추진비,
11,용인시장,2025-06-09 14:38:02,스타벅스 코리아,외부출장 수행직원 격려,3,17000,카드,기관운영비,
12,용인시장,2025-06-09 20:03:55,박실장회&참치,2025년 제5기 및 제6기 5급 승진리더과정 교육생 격려,21,474000,카드,기관운영비,
13,용인시장,2025-06-10 10:35:52,영애네꼬마김밥,업무보고 일정 조정 및 민원응대 직원 격려,6,88000,카드,기관운영비,
14,용인시장,2025-06-10 12:33:54,품육 신갈점,생명존중안심마을 조성 선포식 준비 직원 격려,16,360000,카드,기관운영비,
15,용인시장,2025-06-10 20:52:31,석성산,민선8기 시정정책 및 시민체감 정책 발굴을 위한 관계자와의 업무협의,8,267000,카드,시책추진비,
16,용인시장,2025-06-11 12:05:20,호접몽,민선8기 시정정책 공유 및 소통을 위한 주민간담회 식대,10,295000,카드,시책추진비,
17,용인시장,2025-06-11 12:44:49,석성산,민선9기 시정정책 공유 및 소통을 위한 주민간담회 식대,12,268000,카드,시책추진비,
18,용인시장,2025-06-12,,경조사비,1,50000,현금,기관운영비,
19,용인시장,2025-06-12 11:10:04,SSG.COM,내방객 접견 등을 위한 다과 등 물품구입,1,229660,카드,시책추진비,
20,용인시장,2025-06-12 12:23:07,바오돈까스,민선8기 시정홍보 관련 언론관계자와의 업무협의,7,88700,카드,시책추진비,
21,용인시장,2025-06-12 12:27:01,하자메커피,민선8기 시정홍보 관련 언론관계자와의 업무협의,7,41000,카드,시책추진비,
22,용인시장,2025-06-13 12:19:06,백리향,지역사회복지증진 및 사회서비스 기능강화를 위한 관계자와의 업무협의,6,87000,카드,시책추진비,
23,용인시장,2025-06-13 12:21:49,석성산,2025년 학습연구동아리 참여 공직자 오찬간담회,31,802500,카드,기관운영비,
24,용인시장,2025-06-13 20:49:36,선봉레스텔,해외통상 업무 추진을 위한 관계자와의 간담회,12,478500,카드,시책추진비,
25,용인시장,2025-06-14 10:56:05,슬로 용인,주말 행사 수행 직원 격려,6,92600,카드,기관운영비,
26,용인시장,2025-06-15 12:01:58,제이플라워카페,주말 행사 출근 직원 격려,7,28500,카드,기관운영비,
27,용인시장,2025-06-15 12:26:08,차이니즈 퀴진 유（용,주말 행사 출근 직원 격려,7,149000,카드,기관운영비,
28,용인시장,2025-06-16 10:28:12,양지바른보호작업장,내방객 기념품（특산품） 구입,1,1710000,카드,시책추진비,
29,용인시장,2025-06-16 11:21:36,본도시락용인역북점,민선8기 3주년 기념 언론브리핑 준비를 위한 오찬 회의,18,312900,카드,기관운영비,
30,용인시장,2025-06-17 11:26:17,슬로 용인,업무보고 일정 조정 및 민원응대 직원 격려,7,76500,카드,기관운영비,
31,용인시장,2025-06-17 20:35:23,돈다랑,계획적인 도시계획 업무 추진을 위한 업무관계자 간담회,12,380000,카드,시책추진비,
32,용인시장,2025-06-19 12:42:08,애플하우스,감사업무 수행 등 현안업무 추진에 노고가 많은 직원 격려,24,416000,카드,기관운영비,
33,용인시장,2025-06-20,,경조사비,1,50000,현금,기관운영비,
34,용인시장,2025-06-20 12:16:11,은행골（용인점）,민선8기 시정정책 공유 및 소통을 위한 주민간담회,3,75000,카드,시책추진비,
35,용인시장,2025-06-21 12:10:14,삼동소바,주말 행사 수행 직원 격려,2,31000,카드,기관운영비,
36,용인시장,2025-06-21 14:54:31,스타벅스 코리아,주말 행사 수행 직원 격려,2,11300,카드,기관운영비,
37,용인시장,2025-06-22 11:15:45,슬로 용인,주말 행사 출근 직원 격려,6,71000,카드,기관운영비,
38,용인시장,2025-06-23 11:05:25,본도시락용인역북점,민선8기 취임3주년 기념 언론브리핑 추진 부서 직원 격려,12,261800,카드,기관운영비,
39,용인시장,2025-06-23 13:26:15,（주）도노커피 용인시,민선8기 취임3주년 기념 언론브리핑 추진 부서 직원 격려,12,32000,카드,기관운영비,
40,용인시장,2025-06-24 12:35:26,다리원,민선8기 시정홈보 관련 언론관계자와의 업무협의,6,162000,카드,시책추진비,
41,용인시장,2025-06-24 12:46:06,메이란,민선8기 시정정책 공유 및 소통을 위한 주민간담회,7,175000,카드,시책추진비,
42,용인시장,2025-06-24 13:12:36,스타벅스 코리아,외부출장 수행직원 격려,3,16400,카드,기관운영비,
43,용인시장,2025-06-24 21:06:38,주식회사 미가성세,용인특례시• 용인서부서경찰서 협력체계 구축을 위한 지역치안 및 시민안전 강화 간담회,36,1405200,카드,기관운영비,
44,용인시장,2025-06-25 10:36:24,슬로 용인,내방객 접견 등을 위한 다과 등 물품구입,1,63100,카드,시책추진비,
45,용인시장,2025-06-27 21:21:21,대왕만두,중앙시장 별빛마당 야시장 개막식 담당부서 직원 격려,8,84000,카드,기관운영비,
46,용인시장,2025-06-30 12:37:51,다리원,민선8기 시정홈보 관련 언론관계자와의 업무협의,8,206000,카드,시책추진비,
47,용인시장,2025-06-30 14:51:13,양지바른보호작업장,내방객 기념품（특산품） 구입,1,810000,카드,시책추진비,
1,용인시장,2025-07-01 09:12:25,SSG.COM,내방객 접견을 위한 다과 등 물품 구입,0,261600,카드,시책추진비,
2,용인시장,2025-07-01 09:34:32,（주）도노커피 용인시,민선8기 취임3주년 티타임 간식,30,82500,카드,기관운영비,
3,용인시장,2025-07-01 12:39:48,김남희한우,민선8기 시정정책 공유 및 소통을 위한 주민간담회 실시,8,294000,카드,시책추진비,
4,용인시장,2025-07-02 12:45:13,칼리오페,여성친화도시 조성관련 지역특화사업 발굴을 위한 관계자와의 업무협의,12,308800,카드,시책추진비,
5,용인시장,2025-07-03,,경조사비,1,50000,현금,기관운영비,
6,용인시장,2025-07-03 12:18:30,일식 미요이,외부출장 수행직원 격려,5,179000,카드,기관운영비,
7,용인시장,2025-07-03 20:59:18,주식회사 미가성세,시민소통 및 협치 등 현안업무 추진직원 격려,20,481000,카드,기관운영비,
8,용인시장,2025-07-04 10:01:35,다올 커피,외부출장 수행직원 격려,3,18500,카드,기관운영비,
9,용인시장,2025-07-04 12:23:30,진대감 시청점,외부출장 수행직원 격려,3,46000,카드,기관운영비,
10,용인시장,2025-07-04 19:32:00,애플하우스,지역균형 발전방향 등 지역현황 관련 관계자와의 업무협의,6,156000,카드,시책추진비,
11,용인시장,2025-07-05 12:31:19,밥과함께라면 용인시,주말 행사 출근직원 격려,12,39000,카드,기관운영비,
12,용인시장,2025-07-05 13:08:16,주식회사 본누벨,주말 행사 출근직원 격려,12,252700,카드,기관운영비,
13,용인시장,2025-07-07 11:51:24,（주）망향국수,기홈호수공원 환경정화활동 참여 직원 격려,39,408500,카드,기관운영비,
14,용인시장,2025-07-07 12:55:07,다리원,민선8기 시정홍보 관련 언론관계자와의 업무협의,8,202000,카드,시책추진비,
15,용인시장,2025-07-08 10:53:08,슬로 용인,학교장 간담회 추진을 위한 관련부서 오찬회의에 따른 식대,9,97600,카드,기관운영비,
16,용인시장,2025-07-08 11:53:17,（주）도노커피 용인시,학교장 간담회 추진을 위한 관련부서 오찬회의에 따른 간식비,9,27000,카드,기관운영비,
17,용인시장,2025-07-08 19:45:46,애플하우스,민선8기 시정정책 공유 및 소통을 위한 주민간담회,8,202500,카드,시책추진비,
18,용인시장,2025-07-09 12:24:02,포시즌키친 분당직영,외부출장 수행직원 격려,4,86200,카드,기관운영비,
19,용인시장,2025-07-09 20:46:28,돈키호테삼겹살,민선8기 시정정책 공유 및 소통을 위한 주민간담회,12,459000,카드,시책추진비,
20,용인시장,2025-07-10 12:54:08,차이니즈 퀴진 유 용인본,민선8기 시정정책 공유 및 소통을 위한 주민간담회,8,206000,카드,시책추진비,
21,용인시장,2025-07-11 13:00:00,신갈복집,지역 맞중형 인재양성 및 교육현안 논의를 위한 관계자와의 업 무협의,7,280000,카드,시책추진비,
22,용인시장,2025-07-11 16:57:28,까사빠보 강남점,외부출장 수행직원 격려,9,234000,카드,기관운영비,
23,용인시장,2025-07-14,,경조사비,2,100000,현금,기관운영비,
24,용인시장,2025-07-14 12:45:47,라플람,외부출장 수행직원 격려,3,31000,카드,기관운영비,
25,용인시장,2025-07-15 12:50:04,석성산,민선8기 시정정책 공유 및 소통을 위한 주민간담회,12,274500,카드,시책추진비,
26,용인시장,2025-07-16 13:23:41,스타벽스 코리아,외부출장 수행직원 격려,3,33600,카드,기관운영비,
27,용인시장,2025-07-17 12:46:02,밥과함께라면 용인시,공사계약 등 계약업무 추진부서 직원 격려,14,201500,카드,기관운영비,
28,용인시장,2025-07-18 09:12:33,SSG.COM,내방객 접견을 위한 다과 등 물품 구입,0,251320,카드,시책추진비,
29,용인시장,2025-07-18 09:36:01,경기용인지역자활센터,내방객 기념품（특산품） 구입,0,70000,카드,시책추진비,
30,용인시장,2025-07-18 12:36:24,애플하우스,민선8기 시정정책 공유 및 소통을 위한 주민 설명 간담회,14,402000,카드,시책추진비,
31,용인시장,2025-07-19 12:19:27,돈다랑,주말행사 출근 직원 격려,10,126000,카드,기관운영비,
32,용인시장,2025-07-19 12:43:10,카페도시락（Cafe도시,주말행사 출근 직원 격려,10,44000,카드,기관운영비,
33,용인시장,2025-07-21 12:48:51,분당만강원 광교직영,민선8기 시정홍보 관련 언론관계자와의 업무협의,22,444000,카드,시책추진비,
34,용인시장,2025-07-21 18:38:38,마녀의 뜰,민선8기 시정정책 공유 및 소통을 위한 주민간담회,16,250000,카드,시책추진비,
35,용인시장,2025-07-21 20:09:49,주식회사 미가훠귀,민선8기 시정정책 공유 및 소통을 위한 주민간담회,12,400000,카드,시책추진비,
36,용인시장,2025-07-22,,경조사비,2,100000,현금,기관운영비,
37,용인시장,2025-07-22 12:53:27,애플하우스,집행부와 시의회의 소통과 협력 강화를 위한 간담회,22,546500,카드,기관운영비,
38,용인시장,2025-07-22 18:41:31,사담손만두용인점,외부출장수행직원 격려,3,40000,카드,기관운영비,
39,용인시장,2025-07-23 09:51:27,스타벽스 코리아 안동시청,외점부출장 수행직원 격려,3,17400,카드,기관운영비,
40,용인시장,2025-07-23 14:22:51,양지바른보호작업장,내방객 기념품（특산품） 구입,0,1710000,카드,시책추진비,
41,용인시장,2025-07-23 16:07:03,피피（PP）,2025 매니페스토 우수사례 경진대회 참석 직원 격려,14,192900,카드,기관운영비,
42,용인시장,2025-07-23 19:46:36,뉴서울갈비,2025 매니페스토 우수사례 경진대회 참석 직원 격려,14,450000,카드,기관운영비,
43,용인시장,2025-07-24 12:31:04,만남의광장,괴산군 자매결연 협약 체결 참석 직원 격려,15,92000,카드,기관운영비,
44,용인시장,2025-07-25 09:29:39,슬로 용인,내방객 접견을 위한 다과 등 물품 구입,0,81100,카드,시책추진비,
45,용인시장,2025-07-25 14:35:13,서하남간이휴게소,외부출장 수행직원 격려,4,33000,카드,기관운영비,
46,용인시장,2025-07-25 19:13:42,라보나쿠지나,제2회 대학연극제 폐막식 및 시상식 후 담당부서 직원 격려,18,491000,카드,기관운영비,
47,용인시장,2025-07-26 12:22:14,삼동소바,주말행사 출근 직원 격려,12,186000,카드,기관운영비,
48,용인시장,2025-07-29,,경조사비,2,100000,현금,기관운영비,
49,용인시장,2025-07-30 09:00:47,초담 초담,내방객 기념품（특산품） 구입,0,500000,카드,시책추진비,
50,용인시장,2025-07-31,,경조사비,1,50000,현금,기관운영비,
1,용인시장,2025-08-04 12:49,애플하우스,집행부와 시의회의 소통과 협력 강화를 위한 간담회,16,530500,카드,기관운영비,
2,용인시장,2025-08-04 17:47,경기용인지역자활센터,내방객 기념품（특산품） 구입비 지출,1,160000,카드,시책추진비,
3,용인시장,2025-08-05 20:49,애플하우스,주요 현안업무 추진부서 노고 격려,18,523000,카드,기관운영비,
4,용인시장,2025-08-06 12:43,뜰안애,민선8기 시정정책 공유 및 소통을 위한 주민 설명 간담회,12,466000,카드,시책추진비,
5,용인시장,2025-08-07 21:16,처인옥 정육점,지출 및 계약업무 등 현안업무 추진부서 노고 격려,27,1350000,카드,기관운영비,
6,용인시장,2025-08-08 12:35,홍복해물,민선8기 시정정책 공유 및 소통을 위한 주민 설명 간담회,4,142000,카드,시책추진비,
7,용인시장,2025-08-08 12:42,김남희한우,지역사회복지증진 및 사회서비스 기능강화를 위한 관계자 업무협의,10,420000,카드,시책추진비,
8,용인시장,2025-08-08 21:17,주식회사 미가훠귀,보육사업 지원을 위한 관계자 업무협의,21,482600,카드,시책추진비,
9,용인시장,2025-08-11 12:26,주식회사 라미르,아열대작물 품평회 후 직원 격려,24,345500,카드,기관운영비,
10,용인시장,2025-08-11 15:13,재단법인한택식물원,외부출장 수행직원 격려,16,75000,카드,기관운영비,
11,용인시장,2025-08-12 20:12,주식회사 미가성세,민선8기 시정정책 공유 및 소통을 위한 주민간담회,12,485000,카드,시책추진비,
12,용인시장,2025-08-13 9:20,SSG.COM,내방객 접견을 위한 다과 등 물품 구입,1,228480,카드,시책추진비,
13,용인시장,2025-08-13 13:03,주식회사 미가훠귀,민선8기 시정홍보 관련 언론관계자와의 업무협의,6,159500,카드,시책추진비,
14,용인시장,2025-08-13 20:20,차이니즈 퀴진 유（용,민선8기 시정정책 공유 및 소통을 위한 주민간담회,10,313000,카드,시책추진비,
15,용인시장,2025-08-14 11:04,양지바른보호작업장,내방객 기념품（특산품） 구입비 지출,1,1350000,카드,시책추진비,
16,용인시장,2025-08-14 12:24,안동국시 청와정,민선8기 시정정책 공유 및 소통을 위한 주민간담회,10,310000,카드,시책추진비,
17,용인시장,2025-08-14 13:05,투썸플레이스 수지외,민선8기 시정정책 공유 및 소통을 위한 주민간담회,10,63700,카드,시책추진비,
18,용인시장,2025-08-14 13:16,투썸플레이스 수지외,민선8기 시정정책 공유 및 소통을 위한 주민간담회,0,14100,카드,시책추진비,
19,용인시장,2025-08-14 13:37,투썸플레이스 수지외,민선8기 시정정책 공유 및 소통을 위한 주민간담회,0,19400,카드,시책추진비,
20,용인시장,2025-08-15,제이1 농업회사법인 주식회사,내방객 기념품（특산품） 구입비 지출,1,410400,계좌이체,시책추진비,
21,용인시장,2025-08-18 7:04,스타벽스 코리아,을지연습 관련 간부공무원 차담비,20,120800,카드,기관운영비,
22,용인시장,2025-08-18 12:57,다리원,민선8기 시정홍보 관련 언론관계자 업무 협의,12,476000,카드,시책추진비,
23,용인시장,2025-08-18 16:11,오성만두,2025년 을지연습 전시 종합상황 근무자 격려,0,420000,카드,기관운영비,
24,용인시장,2025-08-18 19:12,노모어피자,2026년 을지연습 전시 종합상황 근무자 격려,0,471000,카드,기관운영비,
25,용인시장,2025-08-19 14:54,선비만두,2027년 을지연습 전시 종합상황 근무자 격려,420,420000,카드,기관운영비,
26,용인시장,2025-08-19 18:58,맘스터치,2028년 을지연습 전시 종합상황 근무자 격려,0,343400,카드,기관운영비,
27,용인시장,2025-08-20 14:57,일미만두,2029년 을지연습 전시 종합상황 근무자 격려,0,420000,카드,기관운영비,
28,용인시장,2025-08-20 18:59,노모어피자,2030년 을지연습 전시 종합상황 근무자 격려,0,462000,카드,기관운영비,
29,용인시장,2025-08-21 14:08,명랑핫도그,2031년 을지연습 전시 종합상황 근무자 격려,0,180000,카드,기관운영비,
30,용인시장,2025-08-21 14:27,엠에스리테일（주）용인,2032년 을지연습 전시 종합상황 근무자 격려,0,270000,카드,기관운영비,
31,용인시장,2025-08-19 12:53,해원일식,민선8기 시정정책 공유 및 소통을 위한 주민 설명 간담회,10,300000,카드,시책추진비,
32,용인시장,2025-08-20 12:56,라플람,노인복지 증진 및 노인생활안정 지원을 위한 관계자 간담회,12,392000,카드,시책추진비,
33,용인시장,2025-08-20 20:15,진주옥냉면,운전직렬 직원 간담회,61,2471000,카드,기관운영비,
34,용인시장,2025-08-21 12:46,마스에프앤비,지역사회복지증진 및 사회서비스 기능강화를 위한 관계자 업무협의,8,180000,카드,시책추진비,
35,용인시장,2025-08-21 21:37,몽중헌 판교,해외통상 업무 추진을 위한 관계자 간담회,8,366100,카드,시책추진비,
36,용인시장,2025-08-22 10:27,영애네꼬마김밥,업무보고 일정 조정 및 민원응대 직원 격려,8,80000,카드,기관운영비,
37,용인시장,2025-08-22 20:54,주식회사 미가훠귀,민선8기 시정정책 공유 및 소통을 위한 주민간담회,4,169800,카드,시책추진비,
38,용인시장,2025-08-23 12:50,박가네 명가 순두부,주말 행사 수행직원 격려,6,35000,카드,기관운영비,
39,용인시장,2025-08-23 13:48,이디야 기흥구청점,주말 행사 수행직원 격려,6,37900,카드,기관운영비,
40,용인시장,2025-08-23 14:43,이디야 기흥구청점,주말 행사 수행직원 격려,0,26200,카드,기관운영비,
41,용인시장,2025-08-26 13:04,처인옥 정육점,원활한 시민소통 업무추진을 위한 관계자 업무협의,12,420000,카드,시책추진비,
42,용인시장,2025-08-27,,경조사비,2,100000,현금,기관운영비,
43,용인시장,2025-08-27 10:03,SSG.COM,내방객 접견을 위한 다과 등 물품 구입,1,252320,카드,시책추진비,
44,용인시장,2025-08-28 12:54,차이니즈 퀴진 유,각종 재난예방을 위한 시민참여체계 구축 관계자 업무협의,12,425000,카드,시책추진비,
45,용인시장,2025-08-28 13:06,베이크슈,마을공동체（굿이너프맘） 일상생활 소통 차담회,15,154700,카드,시책추진비,
46,용인시장,2025-08-29 12:36,진주옥냉면,용인시게이트볼협회 우수선수 격려,33,947000,카드,시책추진비,
47,용인시장,2025-08-29 20:53,애플하우스,2025년 매니페스토 우수사례 경진대회 최우수상 수상에 따른 직원 격려,25,632000,카드,기관운영비,
1,용인시장,2025-09-09,,경조사비,2,100000,현금,기관운영비,
2,용인시장,2025-09-10,제이1 농업회사법인 주식회사,내방객 기념품（특산품） 구입비 지출,1,464400,계좌이체,시책추진비,
3,용인시장,2025-09-09 9:34,크웰브 cwellve,외부출장 수행직원 격려,3,11600,카드,기관운영비,
4,용인시장,2025-09-09 19:45,오선재,첨단시스템반도체 국가산단 조성 관련 중앙부처 관계자 등과의 간담회 식대,8,317000,카드,기관운영비,
5,용인시장,2025-09-10 12:41,다리원,민선8기 시정홍보 관련 언론관계자 업무협의,6,176110,카드,시책추진비,
6,용인시장,2025-09-10 15:56,가또마들렌,수지구 상권 활성화를 위한 차담회,20,44400,카드,시책추진비,
7,용인시장,2025-09-10 15:58,가또마들렌,수지구 상권 활성화를 위한 차담회,0,6800,카드,시책추진비,
8,용인시장,2025-09-10 19:04,보이차 명,수지구 상권 활성화를 위한 차담회,0,175000,카드,시책추진비,
9,용인시장,2025-09-10 20:32,안동국시 청와정,민선8기 시정정책 공유 및 소통을 위한 주민간담회,13,429000,카드,시책추진비,
10,용인시장,2025-09-11 13:30,행복한마당,「청년김대건길」명예도로명판 제막식 오찬,50,1143000,카드,기관운영비,
11,용인시장,2025-09-11 13:31,슬로 용인,내방객 접견을 위한 다과 등 물품 구입,1,60000,카드,시책추진비,
12,용인시장,2025-09-11 20:33,처인옥 정육점,용인시 시민프로축구단 발전 방향 논의를 위한 간담회,15,750000,카드,기관운영비,
13,용인시장,2025-09-12 12:16,꽃돼지숯가마,원활한 시민소통 업무추진을 위한 관계자 업무협의,8,91000,카드,시책추진비,
14,용인시장,2025-09-12 12:56,일품향,민선8기 시정홍보 관련 언론관계자 업무협의,8,354000,카드,기관운영비,
15,용인시장,2025-09-12 13:27,스타벅스 코리아,외부출장 수행직원 격려,5,26200,카드,기관운영비,
16,용인시장,2025-09-12 17:21,（주）이마트용인점,추석명절 사기진작 직원격려 물품 구입,8,1820000,카드,기관운영비,
17,용인시장,2025-09-12 17:23,타타스베이글 용인유,업무보고 일정 조정 및 민원응대 직원 격려,50,67500,카드,기관운영비,
18,용인시장,2025-09-13 11:09,영애네꼬마김밥,주말 행사 수행직원 격려,8,90000,카드,기관운영비,
19,용인시장,2025-09-14 19:54,세븐일레븐문경휴게소,울릉군 자매결연 협약 체결 참석 직원 격려,3,9000,카드,기관운영비,
20,용인시장,2025-09-15,,경조사비,2,100000,현금,기관운영비,
21,용인시장,2025-09-15 10:00,이삭토스트 용인역북점,적극적인 복지업무 추진 등 현안업무 추진 직원격려,20,199900,카드,기관운영비,
22,용인시장,2025-09-15 12:50,처인옥 정육점,지역균형 발전방향 등 지역현황 관련 관계자 업무협의,6,280000,카드,시책추진비,
23,용인시장,2025-09-15 7:31,카페울릉미당,울릉군 자매결연 협약 체결 참석 직원 격려,21,99500,카드,기관운영비,
24,용인시장,2025-09-16 16:53,울릉크루즈 주식회사,울릉군 자매결연 협약 체결 참석 직원 격려,0,213000,카드,기관운영비,
25,용인시장,2025-09-16 21:05,괴산양평휴게소,울릉군 자매결연 협약 체결 참석 직원 격려,0,84000,카드,기관운영비,
26,용인시장,2025-09-16,,경조사비,1,50000,현금,기관운영비,
27,용인시장,2025-09-17 12:22,차이797 청계천점,외부출장 수행직원 격려,10,172000,카드,기관운영비,
28,용인시장,2025-09-17 13:06,보헤미안박이추커피,외부출장 수행직원 격려,6,32000,카드,기관운영비,
29,용인시장,2025-09-17 13:13,보헤미안박이추커피,외부출장 수행직원 격려,6,23600,카드,기관운영비,
30,용인시장,2025-09-17 15:10,스타벅스 코리아,외부출장 수행직원 격려,6,39000,카드,기관운영비,
31,용인시장,2025-09-17 21:08,주식회사서룡,민선8기 시정홍보 관련 언론관계자 업무협의,6,493000,카드,기관운영비,
32,용인시장,2025-09-18 12:08,민속촌송도갈비,교육현안 논의 등을 위한 용인교육지원청 관계자 업무협의,10,400000,카드,기관운영비,
33,용인시장,2025-09-18 16:10,양지바른보호작업장,내방객 기념품（특산품）구입비 지출,1,1170000,카드,시책추진비,
34,용인시장,2025-09-22,,경조사비,2,100000,현금,기관운영비,
35,용인시장,2025-09-22 9:13,SSG.COM,내방객 접견을 위한 다과 등 물품 구입,1,245920,카드,시책추진비,
36,용인시장,2025-09-22 12:56,김남희한우,민선8기 시정정책 공유 및 소통을 위한 주민간담회,8,296000,카드,시책추진비,
37,용인시장,2025-09-23 11:07,본죽앤비빔밥 용인시,업무보고 일정조정 및 민원응대 직원 격려,6,79000,카드,기관운영비,
38,용인시장,2025-09-23 17:32,아리숲,처인구 상권 활성화를 위한 차담회,20,233000,카드,시책추진비,
39,용인시장,2025-09-25,,현장근무직원 격려,1,300000,현금,기관운영비,
40,용인시장,2025-09-25,,경조사비,1,50000,현금,기관운영비,
41,용인시장,2025-09-25 12:53,애플하우스,시정홍보 등 주요현안업무 추진 직원 격려,22,571000,카드,기관운영비,
42,용인시장,2025-09-26,,경조사비,1,50000,현금,기관운영비,
43,용인시장,2025-09-26 12:50,들꽃,지역사회복지증진 및 사회서비스 기능강화를 위한 관계자 업무협의,24,485000,카드,시책추진비,
44,용인시장,2025-09-26 21:14,처인옥 정육점,2025년 초중고 학부모 간담회 등 주요현안업무 추진부서 직원 격려,16,1200000,카드,기관운영비,
45,용인시장,2025-09-29 14:42,양지바른보호작업장,내방객 접견을 위한 다과 등 물품 구입,1,130000,카드,시책추진비,
46,용인시장,2025-09-30 11:12,슬로 용인,제30회 용인시민의날 행사 지원 직원 격려,8,94400,카드,기관운영비,
47,용인시장,2025-09-30 14:40,롯데쇼핑（주）롯데프리,내방객 접견을 위한 다과 등 물품 구입,1,449500,카드,시책추진비,
